Local_Timestamp,Trigger_ID,Video_Filename,Rule_Type,Det_A,Det_B,Description
2026-08-01 13:27:31 MDT,90217f10d2144b03a160abf0675d4fad,90217f10_fisheye_1785612451.ts,rule1_continuous_disagreement,31,8,"detector '8' ON, detector '31' OFF for 5.039s (threshold=5.0s)"
2026-08-01 13:27:31 MDT,c19490aea721466d9946b78afa586661,c19490ae_fisheye_1785612451.ts,rule1_continuous_disagreement,8,42,"detector '8' ON, detector '42' OFF for 5.045s (threshold=5.0s)"
2026-08-01 13:28:11 MDT,bce0ae77685a45869fc4d7dfc2a86801,bce0ae77_fisheye_1785612492.ts,rule1_continuous_disagreement,39,22,"detector '39' ON, detector '22' OFF for 5.043s (threshold=5.0s)"
2026-08-01 13:28:11 MDT,a3e5e9b02e054be4a83dd71224d14168,a3e5e9b0_fisheye_1785612492.ts,rule1_continuous_disagreement,4,39,"detector '39' ON, detector '4' OFF for 5.05s (threshold=5.0s)"
2026-08-01 13:29:04 MDT,59561272909943df9c9cb326a5fab076,59561272_fisheye_1785612545.ts,rule1_continuous_disagreement,8,42,"detector '8' ON, detector '42' OFF for 5.045s (threshold=5.0s)"
2026-08-01 13:29:05 MDT,0ed05e1cd8ae4860a8865f11a0eae574,0ed05e1c_fisheye_1785612547.ts,rule2_orphan_pulse,42,31,"orphan on detector '42': orphan pulse duration=0.966s window=[1785612534.327, 1785612545.293]"
2026-08-01 13:30:12 MDT,c1ee47c9db7c43bdadd24587b6bb58ea,c1ee47c9_fisheye_1785612612.ts,rule1_continuous_disagreement,4,39,"detector '4' ON, detector '39' OFF for 5.049s (threshold=5.0s)"
2026-08-01 13:34:05 MDT,be252584776b44eb87498aa551845f6b,be252584_fisheye_1785612846.ts,rule1_continuous_disagreement,8,42,"detector '8' ON, detector '42' OFF for 5.066s (threshold=5.0s)"
2026-08-01 13:34:05 MDT,3e07f45768e64e0eb49308e946029897,3e07f457_fisheye_1785612846.ts,rule1_continuous_disagreement,31,8,"detector '8' ON, detector '31' OFF for 5.076s (threshold=5.0s)"
2026-08-01 13:34:32 MDT,fcae83b8cf634a19b35c881a2ddade0d,fcae83b8_fisheye_1785612873.ts,rule2_orphan_pulse,42,31,"orphan on detector '42': orphan pulse duration=3.389s window=[1785612859.155, 1785612872.544]"
2026-08-01 13:34:32 MDT,13389b5037024724940b98500721ad50,13389b50_fisheye_1785612873.ts,rule2_orphan_pulse,8,42,"orphan on detector '42': orphan pulse duration=3.389s window=[1785612859.155, 1785612872.544]"
2026-08-01 13:35:06 MDT,7def7fb9b15f411aab749e3218014c04,7def7fb9_fisheye_1785612907.ts,rule1_continuous_disagreement,39,22,"detector '39' ON, detector '22' OFF for 5.055s (threshold=5.0s)"
2026-08-01 13:35:06 MDT,32f0c32e627d4cfd955426931b8d2aff,32f0c32e_fisheye_1785612907.ts,rule1_continuous_disagreement,4,39,"detector '39' ON, detector '4' OFF for 5.061s (threshold=5.0s)"
2026-08-01 13:36:59 MDT,ad53d4ec7d604be088e51df1c3bedbf4,ad53d4ec_fisheye_1785613020.ts,rule1_continuous_disagreement,8,42,"detector '8' ON, detector '42' OFF for 5.069s (threshold=5.0s)"
2026-08-01 13:37:17 MDT,a37f26049a2345e8bae8a9adebc62a89,a37f2604_fisheye_1785613039.ts,rule1_continuous_disagreement,42,31,"detector '31' ON, detector '42' OFF for 5.052s (threshold=5.0s)"
2026-08-01 13:37:38 MDT,6ca4e5d027054d7b8a9dedc1afdb843c,6ca4e5d0_fisheye_1785613059.ts,rule2_orphan_pulse,43,29,"orphan on detector '29': orphan pulse duration=0.658s window=[1785613047.760, 1785613058.419]"
2026-08-01 13:37:47 MDT,f51ab12ea64e4b6f9b13c8df707fd4f2,f51ab12e_fisheye_1785613069.ts,rule2_orphan_pulse,43,29,"orphan on detector '29': orphan pulse duration=3.041s window=[1785613054.812, 1785613067.854]"
2026-08-01 13:40:17 MDT,2ce328e8fbbe4b31a3ce2cf82af11a74,2ce328e8_fisheye_1785613219.ts,rule2_orphan_pulse,46,17,"orphan on detector '17': orphan pulse duration=0.999s window=[1785613206.488, 1785613217.487]"
2026-08-01 13:40:17 MDT,865bf3d5193c4ec2bf8fd3726e3baa3f,865bf3d5_fisheye_1785613219.ts,rule2_orphan_pulse,2,46,"orphan on detector '2': orphan pulse duration=0.67s window=[1785613206.817, 1785613217.487]"
2026-08-01 13:41:20 MDT,d1a272e77cbe4b74abae131a283c5f03,d1a272e7_fisheye_1785613282.ts,rule1_continuous_disagreement,8,42,"detector '8' ON, detector '42' OFF for 5.074s (threshold=5.0s)"
2026-08-01 13:41:22 MDT,ba9353cd55f9457886e7321f91a25a2a,ba9353cd_fisheye_1785613284.ts,rule1_continuous_disagreement,31,8,"detector '8' ON, detector '31' OFF for 5.069s (threshold=5.0s)"
2026-08-01 13:41:52 MDT,bcf556587a014c08b8dc2502d2174a96,bcf55658_fisheye_1785613312.ts,rule1_continuous_disagreement,31,8,"detector '8' ON, detector '31' OFF for 5.049s (threshold=5.0s)"
2026-08-01 13:42:38 MDT,1291242c31024575a80098949045b2d7,1291242c_fisheye_1785613359.ts,rule2_orphan_pulse,31,8,"orphan on detector '8': orphan pulse duration=1.941s window=[1785613346.892, 1785613358.834]"
2026-08-01 13:42:41 MDT,bc13d58627754fa2851850d29fbfc348,bc13d586_fisheye_1785613363.ts,rule1_continuous_disagreement,43,29,"detector '43' ON, detector '29' OFF for 5.078s (threshold=5.0s)"
2026-08-01 13:42:58 MDT,e8efbc2f5cff42768312718286bd44b1,e8efbc2f_fisheye_1785613379.ts,rule2_orphan_pulse,31,8,"orphan on detector '8': orphan pulse duration=1.645s window=[1785613366.949, 1785613378.594]"
2026-08-01 13:44:10 MDT,1e7d6e2d3d7c45d1a22c460f08457917,1e7d6e2d_fisheye_1785613452.ts,rule1_continuous_disagreement,3,41,"detector '3' ON, detector '41' OFF for 5.044s (threshold=5.0s)"
2026-08-01 13:44:11 MDT,61cb4aaa961b4bceb488337f1383e39e,61cb4aaa_fisheye_1785613452.ts,rule1_continuous_disagreement,41,30,"detector '30' ON, detector '41' OFF for 5.049s (threshold=5.0s)"
2026-08-01 13:45:26 MDT,bbb3bc4c3986429198602e11074d3045,bbb3bc4c_fisheye_1785613527.ts,rule2_orphan_pulse,43,29,"orphan on detector '29': orphan pulse duration=1.968s window=[1785613514.227, 1785613526.195]"
2026-08-01 13:45:31 MDT,d9b77416c44745bdbb5ef62d94438f2b,d9b77416_fisheye_1785613533.ts,rule2_orphan_pulse,43,29,"orphan on detector '29': orphan pulse duration=2.671s window=[1785613518.844, 1785613531.514]"
2026-08-01 13:46:03 MDT,3a6dbca479024fd0ab12f07890ad890f,3a6dbca4_fisheye_1785613563.ts,rule1_continuous_disagreement,31,8,"detector '8' ON, detector '31' OFF for 5.048s (threshold=5.0s)"
2026-08-01 13:46:03 MDT,2ac73f28121548f1865be5e9ff7d985c,2ac73f28_fisheye_1785613563.ts,rule1_continuous_disagreement,8,42,"detector '8' ON, detector '42' OFF for 5.057s (threshold=5.0s)"
2026-08-01 13:46:35 MDT,fe3847fcf5ec4c148bfb09e8658cd5fa,fe3847fc_fisheye_1785613596.ts,rule1_continuous_disagreement,31,8,"detector '8' ON, detector '31' OFF for 5.079s (threshold=5.0s)"
2026-08-01 13:46:35 MDT,e26af647db2e4022a1c0ecb012e631ea,e26af647_fisheye_1785613596.ts,rule1_continuous_disagreement,8,42,"detector '8' ON, detector '42' OFF for 5.082s (threshold=5.0s)"
2026-08-01 13:47:08 MDT,3db439e553b94f07abcdfcd10fd1eec7,3db439e5_fisheye_1785613628.ts,rule1_continuous_disagreement,46,17,"detector '17' ON, detector '46' OFF for 5.089s (threshold=5.0s)"
2026-08-01 13:47:10 MDT,0f379b9f0dc44216bb21e7b555b2978a,0f379b9f_fisheye_1785613630.ts,rule1_continuous_disagreement,2,46,"detector '2' ON, detector '46' OFF for 5.098s (threshold=5.0s)"
2026-08-01 13:48:19 MDT,95d4a2e39bff4457a9483cd0c6dcc9b8,95d4a2e3_fisheye_1785613699.ts,rule1_continuous_disagreement,39,22,"detector '39' ON, detector '22' OFF for 5.054s (threshold=5.0s)"
2026-08-01 13:48:19 MDT,c35ef92fa7644d17a56d6d6c814fcedd,c35ef92f_fisheye_1785613699.ts,rule1_continuous_disagreement,4,39,"detector '39' ON, detector '4' OFF for 5.063s (threshold=5.0s)"
2026-08-01 13:48:51 MDT,44a4acca60054372816ac50a58efbbea,44a4acca_fisheye_1785613732.ts,rule2_orphan_pulse,30,3,"orphan on detector '3': orphan pulse duration=0.977s window=[1785613720.512, 1785613731.489]"
2026-08-01 13:48:58 MDT,9427ee210c504c54826052c671a50ee0,9427ee21_fisheye_1785613740.ts,rule2_orphan_pulse,43,29,"orphan on detector '29': orphan pulse duration=0.665s window=[1785613727.790, 1785613738.454]"
2026-08-01 13:49:35 MDT,c54c4c4c837d443e89c5b277eed91486,c54c4c4c_fisheye_1785613776.ts,rule1_continuous_disagreement,8,42,"detector '8' ON, detector '42' OFF for 5.061s (threshold=5.0s)"
2026-08-01 13:49:42 MDT,83de45ec93a44fb0b0aa04436897720f,83de45ec_fisheye_1785613783.ts,rule2_orphan_pulse,42,31,"orphan on detector '31': orphan pulse duration=0.955s window=[1785613771.218, 1785613782.173]"
2026-08-01 13:51:42 MDT,1a9a707d30034a88ae75043e8098367d,1a9a707d_fisheye_1785613902.ts,rule1_continuous_disagreement,31,8,"detector '8' ON, detector '31' OFF for 5.067s (threshold=5.0s)"
2026-08-01 13:51:42 MDT,5ab784b810a0459e979b74df4ac5f80e,5ab784b8_fisheye_1785613902.ts,rule1_continuous_disagreement,8,42,"detector '8' ON, detector '42' OFF for 5.071s (threshold=5.0s)"
2026-08-01 13:51:50 MDT,c8a0dc485c1f4bee8cbb3c29053c7226,c8a0dc48_fisheye_1785613910.ts,rule2_orphan_pulse,33,26,"orphan on detector '26': orphan pulse duration=1.936s window=[1785613898.095, 1785613910.031]"
2026-08-01 13:52:32 MDT,b99dd57dd237495c8e3b7e01fcc62199,b99dd57d_fisheye_1785613953.ts,rule2_orphan_pulse,3,41,"orphan on detector '3': orphan pulse duration=1.026s window=[1785613941.214, 1785613952.240]"
2026-08-01 13:54:32 MDT,fc08138eb0f14681968302de3419863d,fc08138e_fisheye_1785614072.ts,rule1_continuous_disagreement,39,22,"detector '39' ON, detector '22' OFF for 5.069s (threshold=5.0s)"
2026-08-01 13:54:32 MDT,130b5b26637d421282957ac1d7b7f852,130b5b26_fisheye_1785614072.ts,rule1_continuous_disagreement,4,39,"detector '39' ON, detector '4' OFF for 5.079s (threshold=5.0s)"
2026-08-01 13:56:02 MDT,b2417787d7e143f7af8a2ac1540a0abf,b2417787_fisheye_1785614163.ts,rule2_orphan_pulse,41,30,"orphan on detector '30': orphan pulse duration=0.974s window=[1785614151.304, 1785614162.278]"
2026-08-01 13:56:08 MDT,1aa3d4ea2f3147eeadab6849b4ee49a1,1aa3d4ea_fisheye_1785614169.ts,rule1_continuous_disagreement,42,31,"detector '31' ON, detector '42' OFF for 5.049s (threshold=5.0s)"
2026-08-01 13:56:31 MDT,a0d3144ff8f443228c91f2283cebf0f5,a0d3144f_fisheye_1785614192.ts,rule1_continuous_disagreement,43,29,"detector '43' ON, detector '29' OFF for 5.057s (threshold=5.0s)"
2026-08-01 13:56:34 MDT,da31bb00df20424da2a9370c3ef230bb,da31bb00_fisheye_1785614196.ts,rule2_orphan_pulse,30,3,"orphan on detector '3': orphan pulse duration=3.286s window=[1785614181.413, 1785614194.699]"
2026-08-01 13:56:55 MDT,a484e952cc1042b6aae755e7814d654b,a484e952_fisheye_1785614216.ts,rule1_continuous_disagreement,8,42,"detector '8' ON, detector '42' OFF for 5.05s (threshold=5.0s)"
2026-08-01 13:56:57 MDT,49cd9f0fb1bf41ed898d1926c180ebdc,49cd9f0f_fisheye_1785614218.ts,rule2_orphan_pulse,3,41,"orphan on detector '41': orphan pulse duration=0.982s window=[1785614206.505, 1785614217.487]"
2026-08-01 13:57:05 MDT,9a3e87610657456ea5238af4937c4727,9a3e8761_fisheye_1785614226.ts,rule2_orphan_pulse,3,41,"orphan on detector '3': orphan pulse duration=3.011s window=[1785614212.846, 1785614225.857]"
2026-08-01 13:57:31 MDT,85fa4d7727644cc49b88c4fd5e7fd2c2,85fa4d77_fisheye_1785614252.ts,rule1_continuous_disagreement,31,8,"detector '8' ON, detector '31' OFF for 5.063s (threshold=5.0s)"
2026-08-01 13:58:13 MDT,9b3ec439a6fd4a3bb05933acc35848c6,9b3ec439_fisheye_1785614293.ts,rule1_continuous_disagreement,3,41,"detector '3' ON, detector '41' OFF for 5.097s (threshold=5.0s)"
2026-08-01 13:58:14 MDT,bea8da7dc44242af8ae5278d1c2f0f30,bea8da7d_fisheye_1785614295.ts,rule2_orphan_pulse,41,30,"orphan on detector '30': orphan pulse duration=0.976s window=[1785614283.067, 1785614294.043]"
2026-08-01 13:58:40 MDT,4927f5ec2f1642c8b1e18f45f2e3c838,4927f5ec_fisheye_1785614321.ts,rule1_continuous_disagreement,8,42,"detector '8' ON, detector '42' OFF for 5.068s (threshold=5.0s)"
2026-08-01 13:58:52 MDT,276e8abc51624c20baaefb530d0b2c01,276e8abc_fisheye_1785614334.ts,rule2_orphan_pulse,41,30,"orphan on detector '30': orphan pulse duration=0.992s window=[1785614321.601, 1785614332.593]"
2026-08-01 13:58:53 MDT,94ea21ed0fd748c3aef03c6bcea744ed,94ea21ed_fisheye_1785614334.ts,rule2_orphan_pulse,3,41,"orphan on detector '3': orphan pulse duration=1.343s window=[1785614321.916, 1785614333.259]"
2026-08-01 13:59:35 MDT,cd6edca84dee4197850cafdb7ab74d77,cd6edca8_fisheye_1785614376.ts,rule2_orphan_pulse,8,42,"orphan on detector '8': orphan pulse duration=4.631s window=[1785614360.569, 1785614375.200]"
2026-08-01 13:59:36 MDT,80044669ef5b452facb1bcd3d58df5bf,80044669_fisheye_1785614376.ts,rule2_orphan_pulse,42,31,"orphan on detector '31': orphan pulse duration=0.972s window=[1785614365.200, 1785614376.173]"
2026-08-01 14:00:47 MDT,d6b21dcab2134d05bba1b206ab9b577e,d6b21dca_fisheye_1785614449.ts,rule2_orphan_pulse,41,30,"orphan on detector '30': orphan pulse duration=2.354s window=[1785614435.546, 1785614447.899]"
2026-08-01 14:00:49 MDT,9a27cac0b2404fc79412e225d0f739a0,9a27cac0_fisheye_1785614449.ts,rule2_orphan_pulse,3,41,"orphan on detector '3': orphan pulse duration=2.3s window=[1785614437.246, 1785614449.546]"
2026-08-01 14:03:00 MDT,bb130fbc06d24a44a96d90aed3ab9cf1,bb130fbc_fisheye_1785614581.ts,rule1_continuous_disagreement,3,41,"detector '3' ON, detector '41' OFF for 5.076s (threshold=5.0s)"
2026-08-01 14:03:01 MDT,06d1395bb8a44d21935a64b9076bc9e5,06d1395b_fisheye_1785614583.ts,rule1_continuous_disagreement,41,30,"detector '30' ON, detector '41' OFF for 5.086s (threshold=5.0s)"
2026-08-01 14:04:28 MDT,715ec7cc623a4d39a2ae38b69cd4856e,715ec7cc_fisheye_1785614668.ts,rule2_orphan_pulse,43,29,"orphan on detector '29': orphan pulse duration=1.331s window=[1785614656.797, 1785614668.128]"
2026-08-01 14:05:05 MDT,15f8b2cb176d4b6ab5920239fa10738d,15f8b2cb_fisheye_1785614706.ts,rule1_continuous_disagreement,31,8,"detector '8' ON, detector '31' OFF for 5.047s (threshold=5.0s)"
2026-08-01 14:05:05 MDT,f9b9ddd4ecbb41bcb4287a895830277e,f9b9ddd4_fisheye_1785614706.ts,rule1_continuous_disagreement,8,42,"detector '8' ON, detector '42' OFF for 5.063s (threshold=5.0s)"
2026-08-01 14:05:12 MDT,4e7b42b7582242ce982ed8766a82ea3c,4e7b42b7_fisheye_1785614714.ts,rule2_orphan_pulse,30,3,"orphan on detector '3': orphan pulse duration=2.399s window=[1785614700.574, 1785614712.974]"
2026-08-01 14:05:12 MDT,0162b95a83324deebf97faae83275854,0162b95a_fisheye_1785614714.ts,rule2_orphan_pulse,3,41,"orphan on detector '3': orphan pulse duration=2.399s window=[1785614700.574, 1785614712.974]"
2026-08-01 14:05:35 MDT,ab45b7b521584c69a862b23fe60231f7,ab45b7b5_fisheye_1785614735.ts,rule1_continuous_disagreement,43,29,"detector '29' ON, detector '43' OFF for 5.057s (threshold=5.0s)"
2026-08-01 14:08:17 MDT,6a1ff37df0604cd6910c34d0f5273302,6a1ff37d_fisheye_1785614899.ts,rule1_continuous_disagreement,8,42,"detector '8' ON, detector '42' OFF for 5.082s (threshold=5.0s)"
2026-08-01 14:09:18 MDT,807682e1d5904bf08f8f4dc84ea83fbf,807682e1_fisheye_1785614960.ts,rule1_continuous_disagreement,31,8,"detector '8' ON, detector '31' OFF for 5.039s (threshold=5.0s)"
2026-08-01 14:09:18 MDT,ce7c715cca6a4de49d7476404659de1c,ce7c715c_fisheye_1785614960.ts,rule1_continuous_disagreement,8,42,"detector '8' ON, detector '42' OFF for 5.047s (threshold=5.0s)"
2026-08-01 14:10:21 MDT,cdcc6dec8850414d8459dc8eb5199b38,cdcc6dec_fisheye_1785615022.ts,rule2_orphan_pulse,30,3,"orphan on detector '3': orphan pulse duration=2.001s window=[1785615009.208, 1785615021.209]"
2026-08-01 14:10:21 MDT,13d33a8f6abf4bb59d871be503c99f61,13d33a8f_fisheye_1785615022.ts,rule2_orphan_pulse,41,30,"orphan on detector '41': orphan pulse duration=1.326s window=[1785615010.210, 1785615021.535]"
2026-08-01 14:10:46 MDT,6ae281e8d2a04174a3f2147581733f21,6ae281e8_fisheye_1785615047.ts,rule2_orphan_pulse,17,2,"orphan on detector '2': orphan pulse duration=0.674s window=[1785615036.292, 1785615046.966]"
2026-08-01 14:10:47 MDT,b96f5f19348e43e8aff4b625f195d86d,b96f5f19_fisheye_1785615047.ts,rule2_orphan_pulse,2,46,"orphan on detector '2': orphan pulse duration=0.674s window=[1785615036.292, 1785615046.966]"
2026-08-01 14:13:17 MDT,220da3502abf42c7a4e6b5c38376af4b,220da350_fisheye_1785615199.ts,rule2_orphan_pulse,42,31,"orphan on detector '31': orphan pulse duration=0.685s window=[1785615186.723, 1785615197.408]"
2026-08-01 14:13:18 MDT,7765ecb5a31e4a359a225801af4202b3,7765ecb5_fisheye_1785615199.ts,rule2_orphan_pulse,8,42,"orphan on detector '8': orphan pulse duration=4.921s window=[1785615183.785, 1785615198.706]"
2026-08-01 14:13:37 MDT,2b89c29f33c94c9ea47175504bb4265e,2b89c29f_fisheye_1785615219.ts,rule2_orphan_pulse,8,42,"orphan on detector '42': orphan pulse duration=1.964s window=[1785615205.697, 1785615217.661]"
2026-08-01 14:13:37 MDT,f9c4ee2216854873a13c91d027e268b5,f9c4ee22_fisheye_1785615219.ts,rule2_orphan_pulse,42,31,"orphan on detector '42': orphan pulse duration=1.964s window=[1785615205.697, 1785615217.661]"
2026-08-01 14:14:06 MDT,3919a6e0a551492a998fc6b95a7011e9,3919a6e0_fisheye_1785615247.ts,rule1_continuous_disagreement,31,8,"detector '8' ON, detector '31' OFF for 5.04s (threshold=5.0s)"
2026-08-01 14:14:06 MDT,b98b7446173c48ab963f4bd8ef0bf25a,b98b7446_fisheye_1785615247.ts,rule1_continuous_disagreement,8,42,"detector '8' ON, detector '42' OFF for 5.044s (threshold=5.0s)"
2026-08-01 14:14:20 MDT,41e816c30ec84293958f7d744317571b,41e816c3_fisheye_1785615262.ts,rule1_continuous_disagreement,46,17,"detector '17' ON, detector '46' OFF for 5.062s (threshold=5.0s)"
2026-08-01 14:14:20 MDT,8aa0d59e61a24e9eb221567a7a6bca16,8aa0d59e_fisheye_1785615262.ts,rule1_continuous_disagreement,2,46,"detector '2' ON, detector '46' OFF for 5.064s (threshold=5.0s)"
2026-08-01 14:14:38 MDT,1d79121609d14826bab733411ba4d682,1d791216_fisheye_1785615280.ts,rule2_orphan_pulse,42,31,"orphan on detector '31': orphan pulse duration=1.297s window=[1785615267.107, 1785615278.404]"
2026-08-01 14:14:44 MDT,f7026452fa8347e0bdc00e34a031f4ad,f7026452_fisheye_1785615284.ts,rule1_continuous_disagreement,33,26,"detector '26' ON, detector '33' OFF for 5.051s (threshold=5.0s)"
2026-08-01 14:15:25 MDT,9b5af1b2c5ef49c9888fa679fe61e425,9b5af1b2_fisheye_1785615327.ts,rule1_continuous_disagreement,8,42,"detector '8' ON, detector '42' OFF for 5.057s (threshold=5.0s)"
2026-08-01 14:15:32 MDT,1a1ba649355f4ae6990d8c319762f36e,1a1ba649_fisheye_1785615333.ts,rule2_orphan_pulse,42,31,"orphan on detector '31': orphan pulse duration=1.366s window=[1785615321.040, 1785615332.407]"
2026-08-01 14:16:46 MDT,a4e51ece123341218a16eebea2f836ce,a4e51ece_fisheye_1785615408.ts,rule1_continuous_disagreement,31,8,"detector '8' ON, detector '31' OFF for 5.049s (threshold=5.0s)"
2026-08-01 14:16:46 MDT,6a3f11772f5a4101a97df308fa718446,6a3f1177_fisheye_1785615408.ts,rule1_continuous_disagreement,8,42,"detector '8' ON, detector '42' OFF for 5.057s (threshold=5.0s)"
2026-08-01 14:19:27 MDT,84429ff66f9b4c148aa9257595c32a3c,84429ff6_fisheye_1785615568.ts,rule1_continuous_disagreement,8,42,"detector '8' ON, detector '42' OFF for 5.042s (threshold=5.0s)"
2026-08-01 14:19:31 MDT,07451d2ceeae4ce9a0ee4c59189afca8,07451d2c_fisheye_1785615572.ts,rule1_continuous_disagreement,30,3,"detector '3' ON, detector '30' OFF for 5.088s (threshold=5.0s)"
2026-08-01 14:19:34 MDT,63f504fd17f64323988ee7f64678c364,63f504fd_fisheye_1785615576.ts,rule2_orphan_pulse,42,31,"orphan on detector '31': orphan pulse duration=1.297s window=[1785615563.610, 1785615574.907]"
2026-08-01 14:19:37 MDT,c510c242688343e7ae22b04034b0d544,c510c242_fisheye_1785615578.ts,rule2_orphan_pulse,38,24,"orphan on detector '24': orphan pulse duration=2.301s window=[1785615564.907, 1785615577.209]"
2026-08-01 14:19:54 MDT,9e1ed430c7e144ff9d350df60a4be69e,9e1ed430_fisheye_1785615596.ts,rule1_continuous_disagreement,31,8,"detector '8' ON, detector '31' OFF for 5.052s (threshold=5.0s)"
2026-08-01 14:21:14 MDT,dda135546bcf486988b36042bc5db11f,dda13554_fisheye_1785615675.ts,rule1_continuous_disagreement,8,42,"detector '8' ON, detector '42' OFF for 5.034s (threshold=5.0s)"
2026-08-01 14:21:18 MDT,58f1558bdda74d7785754ec7d91347de,58f1558b_fisheye_1785615679.ts,rule2_orphan_pulse,42,31,"orphan on detector '31': orphan pulse duration=0.677s window=[1785615667.893, 1785615678.569]"
2026-08-01 14:21:48 MDT,3e09e278a98a4a6aabb23a5b12c56c44,3e09e278_fisheye_1785615709.ts,rule1_continuous_disagreement,31,8,"detector '8' ON, detector '31' OFF for 5.118s (threshold=5.0s)"
2026-08-01 14:21:56 MDT,2fa5423271564921b02b77a4a3a240ba,2fa54232_fisheye_1785615717.ts,rule2_orphan_pulse,42,31,"orphan on detector '31': orphan pulse duration=2.359s window=[1785615703.775, 1785615716.134]"
2026-08-01 14:22:04 MDT,f3b1f592c0ff4f808dc18f36bbbc316b,f3b1f592_fisheye_1785615725.ts,rule1_continuous_disagreement,8,42,"detector '8' ON, detector '42' OFF for 5.045s (threshold=5.0s)"
2026-08-01 14:22:11 MDT,caec89ddea08479a91c1e7b73c352f82,caec89dd_fisheye_1785615732.ts,rule2_orphan_pulse,42,31,"orphan on detector '31': orphan pulse duration=1.984s window=[1785615719.155, 1785615731.139]"
2026-08-01 14:22:51 MDT,065f3f0a357b477d929106833cf53936,065f3f0a_fisheye_1785615772.ts,rule1_continuous_disagreement,38,24,"detector '24' ON, detector '38' OFF for 5.007s (threshold=5.0s)"
2026-08-01 14:22:52 MDT,7c0a76f4d83446a2ac9d7a4aca7cbae8,7c0a76f4_fisheye_1785615772.ts,rule1_continuous_disagreement,24,7,"detector '24' ON, detector '7' OFF for 5.011s (threshold=5.0s)"
2026-08-01 14:23:27 MDT,eaf957ab9f8a4a7fa49194a7bbd9b141,eaf957ab_fisheye_1785615808.ts,rule1_continuous_disagreement,31,8,"detector '8' ON, detector '31' OFF for 5.055s (threshold=5.0s)"
2026-08-01 14:23:27 MDT,14ca95bb0b454fcf92851993b7efab21,14ca95bb_fisheye_1785615808.ts,rule1_continuous_disagreement,8,42,"detector '8' ON, detector '42' OFF for 5.065s (threshold=5.0s)"
2026-08-01 14:24:15 MDT,a4b9206e92734fbe9913ee03f7af8e4c,a4b9206e_fisheye_1785615855.ts,rule2_orphan_pulse,43,29,"orphan on detector '29': orphan pulse duration=0.687s window=[1785615844.640, 1785615855.326]"
2026-08-01 14:24:19 MDT,967bcd7f8e1549feb8f6702a218476eb,967bcd7f_fisheye_1785615859.ts,rule2_orphan_pulse,3,41,"orphan on detector '3': orphan pulse duration=2.978s window=[1785615846.607, 1785615859.585]"
2026-08-01 14:25:07 MDT,ff661fcf226c4f62941619fd38fccc7a,ff661fcf_fisheye_1785615908.ts,rule1_continuous_disagreement,31,8,"detector '8' ON, detector '31' OFF for 5.033s (threshold=5.0s)"
2026-08-01 14:25:07 MDT,5e082acd8c4740afba5fed756cdcef79,5e082acd_fisheye_1785615908.ts,rule1_continuous_disagreement,8,42,"detector '8' ON, detector '42' OFF for 5.049s (threshold=5.0s)"
2026-08-01 14:26:18 MDT,93975fbe0e6d494da1524cc611534760,93975fbe_fisheye_1785615979.ts,rule1_continuous_disagreement,41,30,"detector '30' ON, detector '41' OFF for 5.056s (threshold=5.0s)"
2026-08-01 14:26:21 MDT,18c89852af694450ba7e1486da741e07,18c89852_fisheye_1785615983.ts,rule1_continuous_disagreement,3,41,"detector '3' ON, detector '41' OFF for 5.057s (threshold=5.0s)"
2026-08-01 14:28:08 MDT,0bc910dda3524626b7e85881f28e3790,0bc910dd_fisheye_1785616088.ts,rule1_continuous_disagreement,41,30,"detector '41' ON, detector '30' OFF for 5.062s (threshold=5.0s)"
2026-08-01 14:28:09 MDT,036e72ffd0de4a0c8fbbdc739e84522a,036e72ff_fisheye_1785616090.ts,rule1_continuous_disagreement,3,41,"detector '41' ON, detector '3' OFF for 5.073s (threshold=5.0s)"
2026-08-01 14:29:16 MDT,5c596fb76a3a45e3aad5559f16a2ae8d,5c596fb7_fisheye_1785616157.ts,rule1_continuous_disagreement,33,26,"detector '26' ON, detector '33' OFF for 5.033s (threshold=5.0s)"
2026-08-01 14:29:24 MDT,415ca1e2eebf472298b909338fec48d7,415ca1e2_fisheye_1785616166.ts,rule2_orphan_pulse,41,30,"orphan on detector '30': orphan pulse duration=1.977s window=[1785616151.983, 1785616163.960]"
2026-08-01 14:32:35 MDT,973502d343954aeda5d52520a938f5ae,973502d3_fisheye_1785616356.ts,rule1_continuous_disagreement,39,22,"detector '22' ON, detector '39' OFF for 5.042s (threshold=5.0s)"
2026-08-01 14:32:35 MDT,ebdc3a0e0557476a8b5599f089f3abd9,ebdc3a0e_fisheye_1785616356.ts,rule1_continuous_disagreement,4,39,"detector '4' ON, detector '39' OFF for 5.048s (threshold=5.0s)"
2026-08-01 14:32:44 MDT,8ede638a3f4f4bfaaf2199f98dc8c064,8ede638a_fisheye_1785616364.ts,rule2_orphan_pulse,31,8,"orphan on detector '8': orphan pulse duration=3.618s window=[1785616350.742, 1785616364.360]"
2026-08-01 14:33:38 MDT,111a3509cfc54db49adff9581ee2516f,111a3509_fisheye_1785616419.ts,rule1_continuous_disagreement,31,8,"detector '8' ON, detector '31' OFF for 5.036s (threshold=5.0s)"
2026-08-01 14:33:38 MDT,bec3efec32de4d00ab46e029486d26ce,bec3efec_fisheye_1785616419.ts,rule1_continuous_disagreement,8,42,"detector '8' ON, detector '42' OFF for 5.047s (threshold=5.0s)"
2026-08-01 14:34:04 MDT,3eeee93d243543d28a1aaa69dff9f335,3eeee93d_fisheye_1785616445.ts,rule1_continuous_disagreement,39,22,"detector '39' ON, detector '22' OFF for 5.038s (threshold=5.0s)"
2026-08-01 14:34:06 MDT,133ba6bbb17b4165bfbf136c86cc1b9a,133ba6bb_fisheye_1785616447.ts,rule1_continuous_disagreement,4,39,"detector '39' ON, detector '4' OFF for 5.041s (threshold=5.0s)"
2026-08-01 14:35:49 MDT,12249588a41d470aae7ec23e82b05a26,12249588_fisheye_1785616551.ts,rule1_continuous_disagreement,31,8,"detector '8' ON, detector '31' OFF for 5.035s (threshold=5.0s)"
2026-08-01 14:35:49 MDT,ebc031ec8eed474eb0d2a44f37838bc2,ebc031ec_fisheye_1785616551.ts,rule1_continuous_disagreement,8,42,"detector '8' ON, detector '42' OFF for 5.04s (threshold=5.0s)"
2026-08-01 14:36:27 MDT,8df63e6ebc6e4189bd1c62f13118d99f,8df63e6e_fisheye_1785616587.ts,rule1_continuous_disagreement,8,42,"detector '8' ON, detector '42' OFF for 5.04s (threshold=5.0s)"
2026-08-01 14:37:15 MDT,4280dc24065d4cdd9d0cc264c4e7007b,4280dc24_fisheye_1785616636.ts,rule2_orphan_pulse,43,29,"orphan on detector '29': orphan pulse duration=1.606s window=[1785616623.626, 1785616635.231]"
2026-08-01 14:37:47 MDT,7105b99f6bfc413e86c15ac249d748e6,7105b99f_fisheye_1785616668.ts,rule1_continuous_disagreement,31,8,"detector '8' ON, detector '31' OFF for 5.044s (threshold=5.0s)"
2026-08-01 14:37:55 MDT,863c37106b834ebab63a61d44ed4c4fe,863c3710_fisheye_1785616676.ts,rule1_continuous_disagreement,8,42,"detector '8' ON, detector '42' OFF for 5.036s (threshold=5.0s)"
2026-08-01 14:39:36 MDT,b65c7c7a74174353b902679837f258d6,b65c7c7a_fisheye_1785616778.ts,rule1_continuous_disagreement,8,42,"detector '8' ON, detector '42' OFF for 5.037s (threshold=5.0s)"
2026-08-01 14:40:02 MDT,debabd22984f4640be7da44161d996da,debabd22_fisheye_1785616804.ts,rule2_orphan_pulse,42,31,"orphan on detector '31': orphan pulse duration=1.654s window=[1785616791.342, 1785616802.995]"
2026-08-01 14:40:30 MDT,217e7c42368a4a8e932c798cf83ad9b4,217e7c42_fisheye_1785616830.ts,rule2_orphan_pulse,30,3,"orphan on detector '3': orphan pulse duration=0.982s window=[1785616819.376, 1785616830.359]"
2026-08-01 14:40:30 MDT,bcc8ba202d7e4e0bbee2c02ed04f5b3a,bcc8ba20_fisheye_1785616830.ts,rule2_orphan_pulse,3,41,"orphan on detector '3': orphan pulse duration=0.982s window=[1785616819.376, 1785616830.359]"
2026-08-01 14:41:05 MDT,3e140ad531c94ada8e73c6819f140744,3e140ad5_fisheye_1785616865.ts,rule1_continuous_disagreement,31,8,"detector '8' ON, detector '31' OFF for 5.045s (threshold=5.0s)"
2026-08-01 14:41:05 MDT,0fcbf9a8533940caa70da3ee282e7783,0fcbf9a8_fisheye_1785616865.ts,rule1_continuous_disagreement,8,42,"detector '8' ON, detector '42' OFF for 5.052s (threshold=5.0s)"
2026-08-01 14:41:33 MDT,f15eb1e8ee984a89934d6a1bf606a43c,f15eb1e8_fisheye_1785616893.ts,rule2_orphan_pulse,31,8,"orphan on detector '8': orphan pulse duration=1.303s window=[1785616882.270, 1785616893.573]"
2026-08-01 14:41:33 MDT,f595908669f8447da3797e8fce9ec206,f5959086_fisheye_1785616893.ts,rule2_orphan_pulse,8,42,"orphan on detector '8': orphan pulse duration=1.303s window=[1785616882.270, 1785616893.573]"
2026-08-01 14:42:04 MDT,bb440888b99a425c8ea43705bece6922,bb440888_fisheye_1785616926.ts,rule2_orphan_pulse,43,29,"orphan on detector '29': orphan pulse duration=0.991s window=[1785616913.806, 1785616924.797]"
2026-08-01 14:42:20 MDT,db8337ef93d6433ba812a95daee9be56,db8337ef_fisheye_1785616942.ts,rule2_orphan_pulse,41,30,"orphan on detector '30': orphan pulse duration=1.728s window=[1785616928.997, 1785616940.725]"
2026-08-01 14:42:26 MDT,e45c65a5c48141b2888466fb932cc668,e45c65a5_fisheye_1785616948.ts,rule2_orphan_pulse,41,30,"orphan on detector '30': orphan pulse duration=4.753s window=[1785616931.716, 1785616946.469]"
2026-08-01 14:43:06 MDT,f3c2e0710a34464997421c1aac4f7cf2,f3c2e071_fisheye_1785616988.ts,rule1_continuous_disagreement,31,8,"detector '8' ON, detector '31' OFF for 5.049s (threshold=5.0s)"
2026-08-01 14:43:15 MDT,4009bc72665c4ca1a15a4ab786638a97,4009bc72_fisheye_1785616997.ts,rule1_continuous_disagreement,41,30,"detector '30' ON, detector '41' OFF for 5.082s (threshold=5.0s)"
2026-08-01 14:43:15 MDT,84658fdd4bab4957841442e2fe965c4b,84658fdd_fisheye_1785616997.ts,rule1_continuous_disagreement,3,41,"detector '3' ON, detector '41' OFF for 5.086s (threshold=5.0s)"
2026-08-01 14:44:12 MDT,b46e260d7a9a4d32aff79acf5cf71a4c,b46e260d_fisheye_1785617053.ts,rule1_continuous_disagreement,30,3,"detector '30' ON, detector '3' OFF for 5.044s (threshold=5.0s)"
2026-08-01 14:44:25 MDT,07d59fe32a924685b82fa4776379f7c3,07d59fe3_fisheye_1785617066.ts,rule1_continuous_disagreement,41,30,"detector '30' ON, detector '41' OFF for 5.042s (threshold=5.0s)"
2026-08-01 14:44:38 MDT,8b35aa7a09b34b3b88d94c018e8d29a2,8b35aa7a_fisheye_1785617080.ts,rule2_orphan_pulse,30,3,"orphan on detector '30': orphan pulse duration=0.693s window=[1785617067.741, 1785617078.434]"
2026-08-01 14:44:42 MDT,04554771596f44c9aff9d570d80f5e8a,04554771_fisheye_1785617084.ts,rule1_continuous_disagreement,39,22,"detector '39' ON, detector '22' OFF for 5.049s (threshold=5.0s)"
2026-08-01 14:44:57 MDT,40850b7d5a76479eb766495996b6ed13,40850b7d_fisheye_1785617098.ts,rule2_orphan_pulse,30,3,"orphan on detector '3': orphan pulse duration=3.574s window=[1785617083.751, 1785617097.325]"
2026-08-01 14:45:32 MDT,bb1ac3840462452e8648171e42f9b5bc,bb1ac384_fisheye_1785617132.ts,rule2_orphan_pulse,8,42,"orphan on detector '8': orphan pulse duration=4.236s window=[1785617118.588, 1785617132.824]"
2026-08-01 14:46:10 MDT,791dba76e46b4d9da056ebd5fd01bc16,791dba76_fisheye_1785617171.ts,rule1_continuous_disagreement,39,22,"detector '39' ON, detector '22' OFF for 5.033s (threshold=5.0s)"
2026-08-01 14:46:27 MDT,76a88e34990a4584a09a2001f022973b,76a88e34_fisheye_1785617187.ts,rule1_continuous_disagreement,4,39,"detector '39' ON, detector '4' OFF for 5.042s (threshold=5.0s)"
2026-08-01 14:48:50 MDT,becea083bfdf4e609e5f49ffd7e57f2b,becea083_fisheye_1785617331.ts,rule1_continuous_disagreement,41,30,"detector '30' ON, detector '41' OFF for 5.04s (threshold=5.0s)"
2026-08-01 14:49:46 MDT,770c175567da4c8cacea69d4e500bcb2,770c1755_fisheye_1785617388.ts,rule2_orphan_pulse,30,3,"orphan on detector '3': orphan pulse duration=2.413s window=[1785617373.721, 1785617386.134]"
2026-08-01 14:49:46 MDT,1c786595fd0f442bb692ecd0e42240cb,1c786595_fisheye_1785617388.ts,rule2_orphan_pulse,3,41,"orphan on detector '3': orphan pulse duration=2.413s window=[1785617373.721, 1785617386.134]"
2026-08-01 14:50:05 MDT,ecc24196eea541c98172f12eaa8b189c,ecc24196_fisheye_1785617406.ts,rule2_orphan_pulse,30,3,"orphan on detector '3': orphan pulse duration=3.953s window=[1785617391.628, 1785617405.581]"
2026-08-01 14:50:05 MDT,26891801861b46b4a4393033291623b6,26891801_fisheye_1785617406.ts,rule2_orphan_pulse,3,41,"orphan on detector '3': orphan pulse duration=3.953s window=[1785617391.628, 1785617405.581]"
2026-08-01 14:50:30 MDT,a2f6b6d184704217879f126d0b7f3e3f,a2f6b6d1_fisheye_1785617430.ts,rule1_continuous_disagreement,41,30,"detector '41' ON, detector '30' OFF for 5.043s (threshold=5.0s)"
2026-08-01 14:50:30 MDT,15fdb9ee2fd246ff9c03cf9ce5da51c6,15fdb9ee_fisheye_1785617430.ts,rule1_continuous_disagreement,30,3,"detector '3' ON, detector '30' OFF for 5.046s (threshold=5.0s)"
2026-08-01 14:51:16 MDT,2cbc087b64aa41a0ac7f299c38b41ff1,2cbc087b_fisheye_1785617477.ts,rule2_orphan_pulse,43,29,"orphan on detector '29': orphan pulse duration=1.312s window=[1785617465.341, 1785617476.653]"
2026-08-01 14:51:47 MDT,03b19ee1ca68454ebb0ddc8661df9533,03b19ee1_fisheye_1785617507.ts,rule1_continuous_disagreement,31,8,"detector '8' ON, detector '31' OFF for 5.035s (threshold=5.0s)"
2026-08-01 14:51:47 MDT,903e6a98f49e46ab818806b0f1543048,903e6a98_fisheye_1785617507.ts,rule1_continuous_disagreement,8,42,"detector '8' ON, detector '42' OFF for 5.039s (threshold=5.0s)"
2026-08-01 14:52:06 MDT,f170be0cb2a84906ab2cf3891a522d61,f170be0c_fisheye_1785617528.ts,rule2_orphan_pulse,42,31,"orphan on detector '42': orphan pulse duration=1.054s window=[1785617515.189, 1785617526.243]"
2026-08-01 14:52:06 MDT,f405cca49ccd47418fa9002b920c4ea4,f405cca4_fisheye_1785617528.ts,rule2_orphan_pulse,8,42,"orphan on detector '42': orphan pulse duration=1.054s window=[1785617515.189, 1785617526.243]"
2026-08-01 14:53:40 MDT,3d3c6fedba094c2a9938fbeaa7de98b2,3d3c6fed_fisheye_1785617621.ts,rule2_orphan_pulse,43,29,"orphan on detector '29': orphan pulse duration=1.606s window=[1785617608.454, 1785617620.060]"
2026-08-01 14:54:08 MDT,88b2d10ad35045c283f48ec28c2b2289,88b2d10a_fisheye_1785617649.ts,rule1_continuous_disagreement,38,24,"detector '24' ON, detector '38' OFF for 5.043s (threshold=5.0s)"
2026-08-01 14:54:08 MDT,95cba42c95e9464d9dcc7d9300eabde6,95cba42c_fisheye_1785617649.ts,rule1_continuous_disagreement,7,38,"detector '7' ON, detector '38' OFF for 5.046s (threshold=5.0s)"
2026-08-01 14:55:00 MDT,a78490575409495494b51d55e6df8897,a7849057_fisheye_1785617702.ts,rule1_continuous_disagreement,41,30,"detector '41' ON, detector '30' OFF for 5.039s (threshold=5.0s)"
2026-08-01 14:55:02 MDT,233e20644214406696fd739a3913f126,233e2064_fisheye_1785617702.ts,rule1_continuous_disagreement,3,41,"detector '41' ON, detector '3' OFF for 5.046s (threshold=5.0s)"
2026-08-01 14:55:44 MDT,6771e9e662b8454183948d15780655e1,6771e9e6_fisheye_1785617745.ts,rule1_continuous_disagreement,30,3,"detector '3' ON, detector '30' OFF for 5.035s (threshold=5.0s)"
2026-08-01 14:56:08 MDT,dfd6eeba9a334365b3e7b13e7740b81e,dfd6eeba_fisheye_1785617769.ts,rule1_continuous_disagreement,39,22,"detector '39' ON, detector '22' OFF for 5.036s (threshold=5.0s)"
2026-08-01 14:56:08 MDT,0df76598dba140d0a8224b59a261a32b,0df76598_fisheye_1785617769.ts,rule1_continuous_disagreement,4,39,"detector '39' ON, detector '4' OFF for 5.048s (threshold=5.0s)"
2026-08-01 14:57:06 MDT,43a7b3905efe49b89417e4892734b10a,43a7b390_fisheye_1785617828.ts,rule1_continuous_disagreement,30,3,"detector '3' ON, detector '30' OFF for 5.037s (threshold=5.0s)"
2026-08-01 14:57:26 MDT,06f21508353044b68cdf46595f8a9d27,06f21508_fisheye_1785617846.ts,rule2_orphan_pulse,30,3,"orphan on detector '3': orphan pulse duration=2.33s window=[1785617833.590, 1785617845.920]"
2026-08-01 14:57:26 MDT,93e1c7705fb2497b9758dca59731f672,93e1c770_fisheye_1785617846.ts,rule2_orphan_pulse,3,41,"orphan on detector '3': orphan pulse duration=2.33s window=[1785617833.590, 1785617845.920]"
2026-08-01 14:58:17 MDT,c11f0c32f62c4d83add919e7d7d50cb2,c11f0c32_fisheye_1785617899.ts,rule1_continuous_disagreement,8,42,"detector '8' ON, detector '42' OFF for 5.07s (threshold=5.0s)"
2026-08-01 14:58:18 MDT,00d94c80032945cf9c77edecc2983276,00d94c80_fisheye_1785617899.ts,rule1_continuous_disagreement,31,8,"detector '8' ON, detector '31' OFF for 5.06s (threshold=5.0s)"
2026-08-01 14:58:31 MDT,75c10ca6d5ae43d18e74cc65f86bcbea,75c10ca6_fisheye_1785617913.ts,rule2_orphan_pulse,41,30,"orphan on detector '30': orphan pulse duration=1.595s window=[1785617899.884, 1785617911.479]"
2026-08-01 14:58:32 MDT,149171faa84b478b9e6ac55434a551d2,149171fa_fisheye_1785617913.ts,rule2_orphan_pulse,3,41,"orphan on detector '3': orphan pulse duration=3.217s window=[1785617899.250, 1785617912.467]"
2026-08-01 14:59:00 MDT,ce26ae84250e44139d60c62636ebfc51,ce26ae84_fisheye_1785617941.ts,rule1_continuous_disagreement,39,22,"detector '39' ON, detector '22' OFF for 5.04s (threshold=5.0s)"
2026-08-01 14:59:00 MDT,73bae1810a7d47b081ecf955c0bbbad3,73bae181_fisheye_1785617941.ts,rule1_continuous_disagreement,4,39,"detector '39' ON, detector '4' OFF for 5.044s (threshold=5.0s)"
2026-08-01 14:59:48 MDT,9843ad71b3c04b7eb84a53091abebe48,9843ad71_fisheye_1785617988.ts,rule2_orphan_pulse,30,3,"orphan on detector '3': orphan pulse duration=0.969s window=[1785617977.142, 1785617988.111]"
2026-08-01 15:00:41 MDT,249f5e3aac1943338a5924f0899e7535,249f5e3a_fisheye_1785618043.ts,rule1_continuous_disagreement,41,30,"detector '41' ON, detector '30' OFF for 5.038s (threshold=5.0s)"
2026-08-01 15:00:43 MDT,1c64572689514ae5863b997765f1ca78,1c645726_fisheye_1785618045.ts,rule1_continuous_disagreement,3,41,"detector '41' ON, detector '3' OFF for 5.043s (threshold=5.0s)"
2026-08-01 15:00:58 MDT,e50298fa7e6f4f9184006260973e987b,e50298fa_fisheye_1785618059.ts,rule2_orphan_pulse,8,42,"orphan on detector '8': orphan pulse duration=4.469s window=[1785618044.058, 1785618058.527]"
2026-08-01 15:01:15 MDT,c501aaa0b8e9473e9adf8805fae8ab80,c501aaa0_fisheye_1785618077.ts,rule1_continuous_disagreement,39,22,"detector '39' ON, detector '22' OFF for 5.049s (threshold=5.0s)"
2026-08-01 15:01:41 MDT,b7fd972ba6bf43c490735614d92b7655,b7fd972b_fisheye_1785618101.ts,rule2_orphan_pulse,30,3,"orphan on detector '3': orphan pulse duration=4.174s window=[1785618087.145, 1785618101.319]"
2026-08-01 15:03:11 MDT,1833c6973c76496dbe01f01e550d20e7,1833c697_fisheye_1785618193.ts,rule1_continuous_disagreement,41,30,"detector '41' ON, detector '30' OFF for 5.05s (threshold=5.0s)"
2026-08-01 15:03:11 MDT,ecfe9ce818d64b1fbd148ca31e4a2786,ecfe9ce8_fisheye_1785618193.ts,rule1_continuous_disagreement,30,3,"detector '3' ON, detector '30' OFF for 5.055s (threshold=5.0s)"
2026-08-01 15:04:11 MDT,6d8e0f4d8f3a43388d2d8bf83df5f2ba,6d8e0f4d_fisheye_1785618251.ts,rule2_orphan_pulse,31,8,"orphan on detector '8': orphan pulse duration=3.938s window=[1785618237.293, 1785618251.231]"
2026-08-01 15:04:11 MDT,e35888929c1c4f7ca878ab675b6b9936,e3588892_fisheye_1785618251.ts,rule2_orphan_pulse,8,42,"orphan on detector '8': orphan pulse duration=3.938s window=[1785618237.293, 1785618251.231]"
2026-08-01 15:07:55 MDT,185dfd8f8ec146a3aab87da0855b8347,185dfd8f_fisheye_1785618476.ts,rule2_orphan_pulse,33,26,"orphan on detector '26': orphan pulse duration=1.934s window=[1785618463.022, 1785618474.955]"
2026-08-01 15:08:32 MDT,8eaae369700e46bfb06edbc6d6c5e387,8eaae369_fisheye_1785618513.ts,rule1_continuous_disagreement,8,42,"detector '8' ON, detector '42' OFF for 5.041s (threshold=5.0s)"
2026-08-01 15:08:37 MDT,e1066057807e46f5b557cd942561838d,e1066057_fisheye_1785618519.ts,rule2_orphan_pulse,42,31,"orphan on detector '31': orphan pulse duration=1.025s window=[1785618506.468, 1785618517.494]"
2026-08-01 15:09:17 MDT,146bcdc223c84888a6652b6617a2c65d,146bcdc2_fisheye_1785618557.ts,rule2_orphan_pulse,38,24,"orphan on detector '24': orphan pulse duration=0.97s window=[1785618546.240, 1785618557.210]"
2026-08-01 15:09:35 MDT,98468ca49ec0456fbbd0f7cd1dfd5f54,98468ca4_fisheye_1785618576.ts,rule1_continuous_disagreement,8,42,"detector '8' ON, detector '42' OFF for 5.043s (threshold=5.0s)"
2026-08-01 15:09:51 MDT,0d89efd01c5a443c9813edd9d4455c8d,0d89efd0_fisheye_1785618592.ts,rule2_orphan_pulse,3,41,"orphan on detector '3': orphan pulse duration=1.318s window=[1785618579.893, 1785618591.210]"
2026-08-01 15:10:47 MDT,1de98cc490444855a539064acb070c6e,1de98cc4_fisheye_1785618649.ts,rule1_continuous_disagreement,46,17,"detector '17' ON, detector '46' OFF for 5.045s (threshold=5.0s)"
2026-08-01 15:10:47 MDT,3c437485d2fb48bd93fa431a139f744f,3c437485_fisheye_1785618649.ts,rule1_continuous_disagreement,2,46,"detector '2' ON, detector '46' OFF for 5.048s (threshold=5.0s)"
2026-08-01 15:11:10 MDT,120d03c6c68b4b4dabaafe8776d023e4,120d03c6_fisheye_1785618671.ts,rule1_continuous_disagreement,8,42,"detector '8' ON, detector '42' OFF for 5.068s (threshold=5.0s)"
2026-08-01 15:11:18 MDT,08018654551749c79a8bfbd2710907ae,08018654_fisheye_1785618679.ts,rule1_continuous_disagreement,41,30,"detector '30' ON, detector '41' OFF for 5.056s (threshold=5.0s)"
2026-08-01 15:11:21 MDT,77248e8c7b6045e7a714547573f2f96a,77248e8c_fisheye_1785618683.ts,rule2_orphan_pulse,42,31,"orphan on detector '31': orphan pulse duration=1.343s window=[1785618670.430, 1785618681.773]"
2026-08-01 15:12:11 MDT,48bb9863421045aba93781da878ca590,48bb9863_fisheye_1785618732.ts,rule1_continuous_disagreement,42,31,"detector '42' ON, detector '31' OFF for 5.042s (threshold=5.0s)"
2026-08-01 15:12:11 MDT,4d7dd80d90c64a62bd7ac30092e7a577,4d7dd80d_fisheye_1785618732.ts,rule1_continuous_disagreement,8,42,"detector '42' ON, detector '8' OFF for 5.046s (threshold=5.0s)"
2026-08-01 15:14:09 MDT,bde2cd137a48477bb4ce60f2b553a12c,bde2cd13_fisheye_1785618849.ts,rule1_continuous_disagreement,31,8,"detector '8' ON, detector '31' OFF for 5.04s (threshold=5.0s)"
2026-08-01 15:14:09 MDT,d1162a550f334888a00b612847b72581,d1162a55_fisheye_1785618849.ts,rule1_continuous_disagreement,8,42,"detector '8' ON, detector '42' OFF for 5.04s (threshold=5.0s)"
2026-08-01 15:14:27 MDT,544c1ad6edd3430eba9ae89dff0bb555,544c1ad6_fisheye_1785618867.ts,rule2_orphan_pulse,38,24,"orphan on detector '24': orphan pulse duration=1.655s window=[1785618855.547, 1785618867.202]"
2026-08-01 15:14:27 MDT,84405ccce410479a8267c2ec5d0b9625,84405ccc_fisheye_1785618867.ts,rule2_orphan_pulse,24,7,"orphan on detector '24': orphan pulse duration=1.655s window=[1785618855.547, 1785618867.202]"
2026-08-01 15:15:05 MDT,060b7bca7c744a8ba643609bbd136ae9,060b7bca_fisheye_1785618906.ts,rule2_orphan_pulse,42,31,"orphan on detector '42': orphan pulse duration=0.706s window=[1785618894.836, 1785618905.542]"
2026-08-01 15:15:25 MDT,14edf9adb6a04cd28d3b45e5a1830629,14edf9ad_fisheye_1785618926.ts,rule1_continuous_disagreement,31,8,"detector '8' ON, detector '31' OFF for 5.042s (threshold=5.0s)"
2026-08-01 15:15:25 MDT,95387b26e38a4c4cb4fd291f8784786e,95387b26_fisheye_1785618926.ts,rule1_continuous_disagreement,8,42,"detector '8' ON, detector '42' OFF for 5.045s (threshold=5.0s)"
2026-08-01 15:16:19 MDT,6a74a85eb55c49cdb8c71c639a22ed85,6a74a85e_fisheye_1785618981.ts,rule1_continuous_disagreement,41,30,"detector '30' ON, detector '41' OFF for 5.036s (threshold=5.0s)"
2026-08-01 15:16:19 MDT,661c8be5a0b847289abb6d6134af6960,661c8be5_fisheye_1785618981.ts,rule1_continuous_disagreement,30,3,"detector '30' ON, detector '3' OFF for 5.043s (threshold=5.0s)"
2026-08-01 15:17:13 MDT,3e20d15fc49444dda9de1bc91efecbed,3e20d15f_fisheye_1785619034.ts,rule1_continuous_disagreement,3,41,"detector '3' ON, detector '41' OFF for 5.048s (threshold=5.0s)"
2026-08-01 15:19:32 MDT,b4c185915a944418ae62ceabca0b5372,b4c18591_fisheye_1785619173.ts,rule1_continuous_disagreement,8,42,"detector '8' ON, detector '42' OFF for 5.033s (threshold=5.0s)"
2026-08-01 15:19:40 MDT,ba783c0edcef4e1fbbe868da61127e73,ba783c0e_fisheye_1785619182.ts,rule2_orphan_pulse,42,31,"orphan on detector '31': orphan pulse duration=1.586s window=[1785619168.859, 1785619180.446]"
2026-08-01 15:19:51 MDT,520131d5fe5144fe90e41c1bb2a11ddc,520131d5_fisheye_1785619192.ts,rule1_continuous_disagreement,31,8,"detector '8' ON, detector '31' OFF for 5.032s (threshold=5.0s)"
2026-08-01 15:20:04 MDT,645fbffb60a34af0b6089fe551260067,645fbffb_fisheye_1785619206.ts,rule2_orphan_pulse,41,30,"orphan on detector '30': orphan pulse duration=0.942s window=[1785619193.983, 1785619204.925]"
2026-08-01 15:20:42 MDT,561032100944448da8e61f53007d50af,56103210_fisheye_1785619242.ts,rule1_continuous_disagreement,38,24,"detector '24' ON, detector '38' OFF for 5.03s (threshold=5.0s)"
2026-08-01 15:20:42 MDT,b0317c14edfe4fbf974f6a5e9dce9e6c,b0317c14_fisheye_1785619242.ts,rule1_continuous_disagreement,7,38,"detector '7' ON, detector '38' OFF for 5.032s (threshold=5.0s)"
2026-08-01 15:21:02 MDT,87ce8733c2f648d4abfdbea2a45b70b8,87ce8733_fisheye_1785619263.ts,rule1_continuous_disagreement,41,30,"detector '41' ON, detector '30' OFF for 5.046s (threshold=5.0s)"
2026-08-01 15:21:03 MDT,6f9e8ddd012746cda6bc8012a5813ad3,6f9e8ddd_fisheye_1785619265.ts,rule1_continuous_disagreement,3,41,"detector '41' ON, detector '3' OFF for 5.052s (threshold=5.0s)"
2026-08-01 15:21:55 MDT,e21594b4c12247c780f01ff28b215236,e21594b4_fisheye_1785619315.ts,rule1_continuous_disagreement,31,8,"detector '8' ON, detector '31' OFF for 5.031s (threshold=5.0s)"
2026-08-01 15:21:55 MDT,5b68c07131af48aaa6b187d928d24edc,5b68c071_fisheye_1785619315.ts,rule1_continuous_disagreement,8,42,"detector '8' ON, detector '42' OFF for 5.033s (threshold=5.0s)"
2026-08-01 15:22:27 MDT,5b97713a41934981a38ed34825ed3efa,5b97713a_fisheye_1785619348.ts,rule2_orphan_pulse,38,24,"orphan on detector '24': orphan pulse duration=1.601s window=[1785619336.143, 1785619347.744]"
2026-08-01 15:22:29 MDT,b3f9f92ddd8f4a899035a2eb53bcabc4,b3f9f92d_fisheye_1785619350.ts,rule2_orphan_pulse,33,26,"orphan on detector '26': orphan pulse duration=1.592s window=[1785619337.745, 1785619349.337]"
2026-08-01 15:23:28 MDT,0b96d107dee24527be350273bc749b1a,0b96d107_fisheye_1785619409.ts,rule1_continuous_disagreement,31,8,"detector '8' ON, detector '31' OFF for 5.038s (threshold=5.0s)"
2026-08-01 15:23:28 MDT,814f2d83449c4a3b86ae9ae493afa45b,814f2d83_fisheye_1785619409.ts,rule1_continuous_disagreement,8,42,"detector '8' ON, detector '42' OFF for 5.038s (threshold=5.0s)"
2026-08-01 15:23:52 MDT,cba8b8f140aa45df907eaf7c17de5e04,cba8b8f1_fisheye_1785619433.ts,rule1_continuous_disagreement,33,26,"detector '26' ON, detector '33' OFF for 5.039s (threshold=5.0s)"
2026-08-01 15:23:59 MDT,4dcdf6ad0cae41f5b7bfff83311e9cb3,4dcdf6ad_fisheye_1785619439.ts,rule1_continuous_disagreement,39,22,"detector '39' ON, detector '22' OFF for 5.032s (threshold=5.0s)"
2026-08-01 15:25:08 MDT,261b145df10a43babb68a03a80d39a2c,261b145d_fisheye_1785619508.ts,rule1_continuous_disagreement,31,8,"detector '8' ON, detector '31' OFF for 5.043s (threshold=5.0s)"
2026-08-01 15:25:08 MDT,711dbb84310d4377b75b6efa3b9330bd,711dbb84_fisheye_1785619508.ts,rule1_continuous_disagreement,8,42,"detector '8' ON, detector '42' OFF for 5.049s (threshold=5.0s)"
2026-08-01 15:25:47 MDT,4266ea68cd1f442eab73f80d478c7cc9,4266ea68_fisheye_1785619549.ts,rule2_orphan_pulse,43,29,"orphan on detector '29': orphan pulse duration=0.666s window=[1785619537.291, 1785619547.957]"
2026-08-01 15:26:21 MDT,2c9f1d3600ae4c9ba198068bb56398c4,2c9f1d36_fisheye_1785619583.ts,rule2_orphan_pulse,31,8,"orphan on detector '8': orphan pulse duration=4.502s window=[1785619566.893, 1785619581.395]"
2026-08-01 15:26:21 MDT,f9a5be91284442bea47ac87b51bf6845,f9a5be91_fisheye_1785619583.ts,rule2_orphan_pulse,8,42,"orphan on detector '8': orphan pulse duration=4.502s window=[1785619566.893, 1785619581.395]"
2026-08-01 15:27:58 MDT,18a9c042511347478cca49f8aab28c6e,18a9c042_fisheye_1785619678.ts,rule1_continuous_disagreement,39,22,"detector '39' ON, detector '22' OFF for 5.044s (threshold=5.0s)"
2026-08-01 15:28:00 MDT,2e8db080a37c48f6ad1d5579aa4908c9,2e8db080_fisheye_1785619680.ts,rule1_continuous_disagreement,4,39,"detector '39' ON, detector '4' OFF for 5.045s (threshold=5.0s)"
2026-08-01 15:29:03 MDT,3df583cb5f974cdb954c80de52cbf50a,3df583cb_fisheye_1785619743.ts,rule2_orphan_pulse,46,17,"orphan on detector '17': orphan pulse duration=0.699s window=[1785619732.846, 1785619743.545]"
2026-08-01 15:29:04 MDT,d3e39abc8eb141cebb6957c6034d2995,d3e39abc_fisheye_1785619745.ts,rule2_orphan_pulse,2,46,"orphan on detector '2': orphan pulse duration=0.693s window=[1785619733.545, 1785619744.238]"
2026-08-01 15:29:40 MDT,63f8782e03de404e955bf2c8f6f85ac4,63f8782e_fisheye_1785619782.ts,rule1_continuous_disagreement,8,42,"detector '8' ON, detector '42' OFF for 5.045s (threshold=5.0s)"
2026-08-01 15:29:41 MDT,2b7f0f00418b4ff3a177e338c575e2d0,2b7f0f00_fisheye_1785619782.ts,rule1_continuous_disagreement,31,8,"detector '8' ON, detector '31' OFF for 5.048s (threshold=5.0s)"
2026-08-01 15:31:14 MDT,fc4f326190aa4084b871fce588dd1607,fc4f3261_fisheye_1785619875.ts,rule1_continuous_disagreement,46,17,"detector '17' ON, detector '46' OFF for 5.043s (threshold=5.0s)"
2026-08-01 15:31:14 MDT,799fd60075cc40ebb0e9d033a1c57588,799fd600_fisheye_1785619875.ts,rule1_continuous_disagreement,2,46,"detector '2' ON, detector '46' OFF for 5.055s (threshold=5.0s)"
2026-08-01 15:31:33 MDT,854bf4c2972542e5a8b865bcec936cce,854bf4c2_fisheye_1785619893.ts,rule1_continuous_disagreement,8,42,"detector '8' ON, detector '42' OFF for 5.05s (threshold=5.0s)"
2026-08-01 15:31:41 MDT,df73ad95b64147dc849da7aa5e3f18b2,df73ad95_fisheye_1785619901.ts,rule2_orphan_pulse,42,31,"orphan on detector '31': orphan pulse duration=1.604s window=[1785619889.936, 1785619901.540]"
2026-08-01 15:32:41 MDT,7d0b6dfd89294cf29ce9917d0e05aecb,7d0b6dfd_fisheye_1785619962.ts,rule1_continuous_disagreement,41,30,"detector '30' ON, detector '41' OFF for 5.05s (threshold=5.0s)"
2026-08-01 15:32:44 MDT,9205098aadc64a3fa67c7e90ab748888,9205098a_fisheye_1785619964.ts,rule1_continuous_disagreement,3,41,"detector '3' ON, detector '41' OFF for 5.053s (threshold=5.0s)"
2026-08-01 15:34:04 MDT,f8ec2c87120b4c8daa9a470ac7c2fb51,f8ec2c87_fisheye_1785620045.ts,rule1_continuous_disagreement,39,22,"detector '39' ON, detector '22' OFF for 5.042s (threshold=5.0s)"
2026-08-01 15:34:04 MDT,0226006e78664d638abea787d7549931,0226006e_fisheye_1785620045.ts,rule1_continuous_disagreement,4,39,"detector '39' ON, detector '4' OFF for 5.046s (threshold=5.0s)"
2026-08-01 15:35:30 MDT,9252fc812e2a42aa81a0c33c080b96cc,9252fc81_fisheye_1785620130.ts,rule2_orphan_pulse,43,29,"orphan on detector '29': orphan pulse duration=2.014s window=[1785620118.271, 1785620130.285]"
2026-08-01 15:37:41 MDT,f64d2a5c6ca0411bb279d4048b18b918,f64d2a5c_fisheye_1785620262.ts,rule1_continuous_disagreement,8,42,"detector '8' ON, detector '42' OFF for 5.038s (threshold=5.0s)"
2026-08-01 15:37:49 MDT,02a71e21260f4ccc92ae2a1c50eedb68,02a71e21_fisheye_1785620270.ts,rule2_orphan_pulse,42,31,"orphan on detector '31': orphan pulse duration=2.249s window=[1785620256.768, 1785620269.017]"
2026-08-01 15:37:56 MDT,ee80966b8ab047bf95a7e91fbf6968a1,ee80966b_fisheye_1785620278.ts,rule2_orphan_pulse,41,30,"orphan on detector '30': orphan pulse duration=3.269s window=[1785620263.500, 1785620276.769]"
2026-08-01 15:39:45 MDT,42e846c6af5d4273bd2a3855baa12503,42e846c6_fisheye_1785620386.ts,rule1_continuous_disagreement,8,42,"detector '8' ON, detector '42' OFF for 5.039s (threshold=5.0s)"
2026-08-01 15:39:52 MDT,e2095d07f79c4fbc869831e0667a11b0,e2095d07_fisheye_1785620394.ts,rule2_orphan_pulse,42,31,"orphan on detector '31': orphan pulse duration=1.922s window=[1785620380.266, 1785620392.188]"
2026-08-01 15:39:58 MDT,a4fb22dbc3b44fd2a707d5b10bd40a21,a4fb22db_fisheye_1785620398.ts,rule2_orphan_pulse,41,30,"orphan on detector '30': orphan pulse duration=0.971s window=[1785620387.088, 1785620398.059]"
2026-08-01 15:41:32 MDT,8f6ca891cd814ebbaa999f5418967822,8f6ca891_fisheye_1785620493.ts,rule1_continuous_disagreement,8,42,"detector '8' ON, detector '42' OFF for 5.058s (threshold=5.0s)"
2026-08-01 15:41:38 MDT,515be85417bc4903b6e80209e6af10a1,515be854_fisheye_1785620499.ts,rule2_orphan_pulse,42,31,"orphan on detector '31': orphan pulse duration=1.009s window=[1785620486.945, 1785620497.954]"
2026-08-01 15:43:07 MDT,aea09fad4a7e4376b85c48c627f3c244,aea09fad_fisheye_1785620588.ts,rule1_continuous_disagreement,42,31,"detector '31' ON, detector '42' OFF for 5.046s (threshold=5.0s)"
2026-08-01 15:43:09 MDT,0f512d3ef65541b785f1c0558519eb12,0f512d3e_fisheye_1785620590.ts,rule2_orphan_pulse,8,42,"orphan on detector '8': orphan pulse duration=0.981s window=[1785620578.227, 1785620589.209]"
2026-08-01 15:44:18 MDT,dd6b87cdaccb45a9a67eaa49861fd128,dd6b87cd_fisheye_1785620659.ts,rule1_continuous_disagreement,41,30,"detector '30' ON, detector '41' OFF for 5.045s (threshold=5.0s)"
2026-08-01 15:44:18 MDT,2eb3e9aa7f6345e092cf5bbb9c2f7ca6,2eb3e9aa_fisheye_1785620659.ts,rule1_continuous_disagreement,30,3,"detector '30' ON, detector '3' OFF for 5.05s (threshold=5.0s)"
2026-08-01 15:46:42 MDT,01029960fde842c7be4278091d667915,01029960_fisheye_1785620803.ts,rule2_orphan_pulse,43,29,"orphan on detector '29': orphan pulse duration=0.984s window=[1785620791.459, 1785620802.443]"
2026-08-01 15:46:55 MDT,afe95b0911794e35aa31e49b35c71aac,afe95b09_fisheye_1785620815.ts,rule2_orphan_pulse,43,29,"orphan on detector '29': orphan pulse duration=0.673s window=[1785620804.848, 1785620815.521]"
2026-08-01 15:47:13 MDT,5af1139a90524469a610d673e891bfa1,5af1139a_fisheye_1785620833.ts,rule2_orphan_pulse,30,3,"orphan on detector '3': orphan pulse duration=3.604s window=[1785620819.534, 1785620833.138]"
2026-08-01 15:47:13 MDT,6e5d361043494f2aba479baa740c8f3f,6e5d3610_fisheye_1785620833.ts,rule2_orphan_pulse,3,41,"orphan on detector '3': orphan pulse duration=3.604s window=[1785620819.534, 1785620833.138]"
2026-08-01 15:51:11 MDT,d3222016e2714b599d66eb44b505173a,d3222016_fisheye_1785621072.ts,rule1_continuous_disagreement,38,24,"detector '24' ON, detector '38' OFF for 5.044s (threshold=5.0s)"
2026-08-01 15:51:11 MDT,364c919e0b84494a82948c7f1fb5f9a9,364c919e_fisheye_1785621073.ts,rule1_continuous_disagreement,7,38,"detector '7' ON, detector '38' OFF for 5.049s (threshold=5.0s)"
2026-08-01 15:52:16 MDT,afef8e4c408a4595a7a7265d94b379a4,afef8e4c_fisheye_1785621137.ts,rule1_continuous_disagreement,8,42,"detector '8' ON, detector '42' OFF for 5.002s (threshold=5.0s)"
2026-08-01 15:52:25 MDT,3379cb3b30a44dabb18b5cca490b0fe7,3379cb3b_fisheye_1785621145.ts,rule2_orphan_pulse,41,30,"orphan on detector '30': orphan pulse duration=0.962s window=[1785621134.396, 1785621145.359]"
2026-08-01 15:52:28 MDT,42a0dc577aa4432180ac16f9132c7ea5,42a0dc57_fisheye_1785621149.ts,rule2_orphan_pulse,3,41,"orphan on detector '3': orphan pulse duration=2.286s window=[1785621136.342, 1785621148.628]"
2026-08-01 15:52:47 MDT,eebb24ca2208425fb73bfadf21550677,eebb24ca_fisheye_1785621168.ts,rule2_orphan_pulse,42,31,"orphan on detector '31': orphan pulse duration=0.998s window=[1785621156.344, 1785621167.341]"
2026-08-01 15:56:58 MDT,5e97b7510cb046ada8147b72e5fcd175,5e97b751_fisheye_1785621419.ts,rule2_orphan_pulse,8,42,"orphan on detector '8': orphan pulse duration=4.883s window=[1785621404.055, 1785621418.938]"
2026-08-01 15:56:59 MDT,730f4cf6a81d48eb9d0e4feba1533611,730f4cf6_fisheye_1785621421.ts,rule2_orphan_pulse,42,31,"orphan on detector '31': orphan pulse duration=0.67s window=[1785621409.235, 1785621419.905]"
2026-08-01 15:57:15 MDT,54a54f835074413eb1782b1f66bc4dcc,54a54f83_fisheye_1785621437.ts,rule1_continuous_disagreement,8,42,"detector '8' ON, detector '42' OFF for 5.052s (threshold=5.0s)"
2026-08-01 15:57:20 MDT,f80ed1df0dfb4be9bb10a68fc600e577,f80ed1df_fisheye_1785621441.ts,rule2_orphan_pulse,42,31,"orphan on detector '31': orphan pulse duration=0.987s window=[1785621429.167, 1785621440.154]"
2026-08-01 15:57:42 MDT,2514422c155b485091925e7a943877fc,2514422c_fisheye_1785621464.ts,rule1_continuous_disagreement,7,38,"detector '7' ON, detector '38' OFF for 5.045s (threshold=5.0s)"
2026-08-01 15:57:44 MDT,9c2bb8af0d9641ae80640142a9540d50,9c2bb8af_fisheye_1785621466.ts,rule2_orphan_pulse,30,3,"orphan on detector '3': orphan pulse duration=0.691s window=[1785621453.537, 1785621464.228]"
2026-08-01 15:58:01 MDT,b7fde2f1f32742358939a4ae197e28e4,b7fde2f1_fisheye_1785621482.ts,rule2_orphan_pulse,38,24,"orphan on detector '24': orphan pulse duration=1.022s window=[1785621470.324, 1785621481.345]"
2026-08-01 15:58:20 MDT,cc44677323b745619da0f95a66ccdf21,cc446773_fisheye_1785621500.ts,rule1_continuous_disagreement,24,7,"detector '7' ON, detector '24' OFF for 5.038s (threshold=5.0s)"
2026-08-01 15:59:30 MDT,5999c02e50dd4ddba9440d2abae9e90a,5999c02e_fisheye_1785621571.ts,rule2_orphan_pulse,41,30,"orphan on detector '30': orphan pulse duration=0.654s window=[1785621559.769, 1785621570.423]"
2026-08-01 15:59:35 MDT,4b11ccfe7a1142d68b471a5c3aaaabce,4b11ccfe_fisheye_1785621577.ts,rule2_orphan_pulse,3,41,"orphan on detector '3': orphan pulse duration=4.534s window=[1785621561.372, 1785621575.906]"
2026-08-01 16:00:00 MDT,9607d91089c84eb9b4832395eb5278d1,9607d910_fisheye_1785621601.ts,rule2_orphan_pulse,41,30,"orphan on detector '30': orphan pulse duration=0.663s window=[1785621590.241, 1785621600.904]"
2026-08-01 16:00:04 MDT,504faec905ba4581b40fbb1ec83c5a64,504faec9_fisheye_1785621606.ts,rule2_orphan_pulse,3,41,"orphan on detector '3': orphan pulse duration=2.935s window=[1785621591.938, 1785621604.873]"
2026-08-01 16:00:18 MDT,900fb519ef80439cb06e489c89d19cc0,900fb519_fisheye_1785621620.ts,rule1_continuous_disagreement,8,42,"detector '8' ON, detector '42' OFF for 5.054s (threshold=5.0s)"
2026-08-01 16:03:03 MDT,3c6433719c99419fabfc8b594c013cdc,3c643371_fisheye_1785621784.ts,rule1_continuous_disagreement,41,30,"detector '41' ON, detector '30' OFF for 5.04s (threshold=5.0s)"
2026-08-01 16:03:03 MDT,e35ad93c97f742078933d2fd58c559b8,e35ad93c_fisheye_1785621784.ts,rule1_continuous_disagreement,3,41,"detector '41' ON, detector '3' OFF for 5.043s (threshold=5.0s)"
2026-08-01 16:04:44 MDT,9c0d95d45fae4f24b7e6cfd2b70138c1,9c0d95d4_fisheye_1785621885.ts,rule1_continuous_disagreement,41,30,"detector '30' ON, detector '41' OFF for 5.039s (threshold=5.0s)"
2026-08-01 16:04:47 MDT,4bff2445efd0418293b949466f8c497f,4bff2445_fisheye_1785621887.ts,rule1_continuous_disagreement,3,41,"detector '3' ON, detector '41' OFF for 5.047s (threshold=5.0s)"
2026-08-01 16:05:34 MDT,ffd5a6cfbddb4ab8a4b3fdbe12d6276f,ffd5a6cf_fisheye_1785621936.ts,rule2_orphan_pulse,43,29,"orphan on detector '29': orphan pulse duration=0.696s window=[1785621924.243, 1785621934.939]"
2026-08-01 16:05:38 MDT,44dd930dbfa54e5183035fbcfd31961c,44dd930d_fisheye_1785621938.ts,rule2_orphan_pulse,3,41,"orphan on detector '3': orphan pulse duration=1.415s window=[1785621926.653, 1785621938.068]"
2026-08-01 16:08:43 MDT,557e2657975649b9be483be8d740e109,557e2657_fisheye_1785622124.ts,rule1_continuous_disagreement,8,42,"detector '8' ON, detector '42' OFF for 5.043s (threshold=5.0s)"
2026-08-01 16:08:47 MDT,a32a56f247f64841a987dc07b0fc7e3b,a32a56f2_fisheye_1785622128.ts,rule2_orphan_pulse,42,31,"orphan on detector '31': orphan pulse duration=0.663s window=[1785622116.802, 1785622127.465]"
2026-08-01 16:08:54 MDT,03f8a93478074311b5d2437bffb466fe,03f8a934_fisheye_1785622135.ts,rule2_orphan_pulse,41,30,"orphan on detector '30': orphan pulse duration=1.318s window=[1785622122.789, 1785622134.107]"
2026-08-01 16:09:27 MDT,1f076a85b5eb4ae699a18a2ced559546,1f076a85_fisheye_1785622167.ts,rule2_orphan_pulse,43,29,"orphan on detector '29': orphan pulse duration=0.739s window=[1785622156.305, 1785622167.044]"
2026-08-01 16:09:28 MDT,e884320973474ee2b01b94e5ccea586a,e8843209_fisheye_1785622169.ts,rule1_continuous_disagreement,42,31,"detector '42' ON, detector '31' OFF for 5.046s (threshold=5.0s)"
2026-08-01 16:10:37 MDT,c7b48f5234964b2f96edde2b94928b72,c7b48f52_fisheye_1785622238.ts,rule2_orphan_pulse,43,29,"orphan on detector '29': orphan pulse duration=1.352s window=[1785622225.977, 1785622237.330]"
2026-08-01 16:11:30 MDT,c578c78d28fc4709a7c0f5a3d3191ad6,c578c78d_fisheye_1785622291.ts,rule1_continuous_disagreement,31,8,"detector '8' ON, detector '31' OFF for 5.048s (threshold=5.0s)"
2026-08-01 16:11:30 MDT,2c5596c4c0da4894af324be03744bb81,2c5596c4_fisheye_1785622291.ts,rule1_continuous_disagreement,8,42,"detector '8' ON, detector '42' OFF for 5.051s (threshold=5.0s)"
2026-08-01 16:11:41 MDT,e1a29dcaaf95469b9fb3d3b01f2b3d41,e1a29dca_fisheye_1785622303.ts,rule2_orphan_pulse,41,30,"orphan on detector '30': orphan pulse duration=0.658s window=[1785622290.768, 1785622301.426]"
2026-08-01 16:11:44 MDT,b3527066ae9546789553e1d393ff3fa0,b3527066_fisheye_1785622305.ts,rule2_orphan_pulse,3,41,"orphan on detector '3': orphan pulse duration=2.641s window=[1785622291.749, 1785622304.390]"
2026-08-01 16:14:03 MDT,4041ccebb5434bbe8c7938b3143a5349,4041cceb_fisheye_1785622445.ts,rule2_orphan_pulse,43,29,"orphan on detector '29': orphan pulse duration=0.972s window=[1785622432.418, 1785622443.390]"
2026-08-01 16:15:46 MDT,09eafc79f95840cb9d9a6dece9e15ccd,09eafc79_fisheye_1785622546.ts,rule2_orphan_pulse,43,29,"orphan on detector '29': orphan pulse duration=0.673s window=[1785622535.296, 1785622545.969]"
2026-08-01 16:17:14 MDT,d8b117d381da48c6ab2ebec7132435f8,d8b117d3_fisheye_1785622635.ts,rule1_continuous_disagreement,41,30,"detector '30' ON, detector '41' OFF for 5.042s (threshold=5.0s)"
2026-08-01 16:17:15 MDT,2a1dc6a624234536b65bbcc3b38c5bb2,2a1dc6a6_fisheye_1785622635.ts,rule1_continuous_disagreement,30,3,"detector '30' ON, detector '3' OFF for 5.047s (threshold=5.0s)"
2026-08-01 16:19:43 MDT,0a954f3eef084101959f12cd95ad63d2,0a954f3e_fisheye_1785622783.ts,rule2_orphan_pulse,31,8,"orphan on detector '8': orphan pulse duration=1.299s window=[1785622771.969, 1785622783.268]"
2026-08-01 16:19:43 MDT,ef8b4c2f8c1048bba8884ff5aeb0a99d,ef8b4c2f_fisheye_1785622783.ts,rule2_orphan_pulse,8,42,"orphan on detector '8': orphan pulse duration=1.299s window=[1785622771.969, 1785622783.268]"
2026-08-01 16:20:10 MDT,1187d325238b45d0b3a6368d023cace0,1187d325_fisheye_1785622811.ts,rule2_orphan_pulse,42,31,"orphan on detector '31': orphan pulse duration=1.018s window=[1785622799.219, 1785622810.238]"
2026-08-01 16:20:17 MDT,ab9d7180db5b4d4e9d89a7fff10b7a4f,ab9d7180_fisheye_1785622818.ts,rule1_continuous_disagreement,31,8,"detector '8' ON, detector '31' OFF for 5.033s (threshold=5.0s)"
2026-08-01 16:21:02 MDT,0ab973307a49405895e32365f09b1465,0ab97330_fisheye_1785622864.ts,rule2_orphan_pulse,43,29,"orphan on detector '29': orphan pulse duration=1.014s window=[1785622851.808, 1785622862.821]"
2026-08-01 16:21:15 MDT,8d9ad8ed65ed40a88b368350cc74779e,8d9ad8ed_fisheye_1785622876.ts,rule1_continuous_disagreement,42,31,"detector '31' ON, detector '42' OFF for 5.053s (threshold=5.0s)"
2026-08-01 16:21:27 MDT,5dec9fe0fad746d8986227db0d080418,5dec9fe0_fisheye_1785622888.ts,rule1_continuous_disagreement,39,22,"detector '39' ON, detector '22' OFF for 5.047s (threshold=5.0s)"
2026-08-01 16:21:27 MDT,04f2493dc0184f699fcd94fc2103e5fa,04f2493d_fisheye_1785622888.ts,rule1_continuous_disagreement,4,39,"detector '39' ON, detector '4' OFF for 5.047s (threshold=5.0s)"
2026-08-01 16:23:16 MDT,343ed5e0e63946cf8b6ef0af57d5594e,343ed5e0_fisheye_1785622998.ts,rule2_orphan_pulse,42,31,"orphan on detector '31': orphan pulse duration=1.321s window=[1785622985.125, 1785622996.446]"
2026-08-01 16:23:31 MDT,ae8abc4a84b44152ba5d1a881fdfdbfa,ae8abc4a_fisheye_1785623012.ts,rule2_orphan_pulse,30,3,"orphan on detector '3': orphan pulse duration=0.662s window=[1785623000.593, 1785623011.254]"
2026-08-01 16:24:17 MDT,67c259d77aa04ffabf3b96cdc2f054b3,67c259d7_fisheye_1785623059.ts,rule1_continuous_disagreement,39,22,"detector '39' ON, detector '22' OFF for 5.029s (threshold=5.0s)"
2026-08-01 16:24:17 MDT,16536421223846b5bc6826e616ef0736,16536421_fisheye_1785623059.ts,rule1_continuous_disagreement,4,39,"detector '39' ON, detector '4' OFF for 5.031s (threshold=5.0s)"
2026-08-01 16:26:01 MDT,d4fb082ef8c64998a77e6f71403f7bc6,d4fb082e_fisheye_1785623162.ts,rule2_orphan_pulse,38,24,"orphan on detector '24': orphan pulse duration=1.707s window=[1785623149.511, 1785623161.218]"
2026-08-01 16:26:54 MDT,827243a0ea1b4c54b9825efa1c1fb37f,827243a0_fisheye_1785623215.ts,rule2_orphan_pulse,43,29,"orphan on detector '43': orphan pulse duration=2.349s window=[1785623202.281, 1785623214.630]"
2026-08-01 16:26:56 MDT,2c91af89ef5c455ebc4b4c4a2c2c1b62,2c91af89_fisheye_1785623217.ts,rule2_orphan_pulse,7,38,"orphan on detector '7': orphan pulse duration=0.671s window=[1785623205.597, 1785623216.268]"
2026-08-01 16:27:46 MDT,802b6ba64e5b438b9a399608174751fd,802b6ba6_fisheye_1785623267.ts,rule2_orphan_pulse,43,29,"orphan on detector '29': orphan pulse duration=0.665s window=[1785623256.116, 1785623266.780]"
2026-08-01 16:30:00 MDT,f0a90df1b9f44f6a9a238cdb9720d129,f0a90df1_fisheye_1785623401.ts,rule1_continuous_disagreement,31,8,"detector '8' ON, detector '31' OFF for 5.038s (threshold=5.0s)"
2026-08-01 16:30:00 MDT,8e3c09ee726c4b0fb211b902e8566b4d,8e3c09ee_fisheye_1785623401.ts,rule1_continuous_disagreement,8,42,"detector '8' ON, detector '42' OFF for 5.043s (threshold=5.0s)"
2026-08-01 16:30:58 MDT,5e52f09c2c5346ef9d551592a22fa23f,5e52f09c_fisheye_1785623460.ts,rule2_orphan_pulse,33,26,"orphan on detector '26': orphan pulse duration=1.418s window=[1785623447.516, 1785623458.934]"
2026-08-01 16:31:20 MDT,969cef0c8dc741fb84e10a26be0b012f,969cef0c_fisheye_1785623482.ts,rule1_continuous_disagreement,41,30,"detector '30' ON, detector '41' OFF for 5.043s (threshold=5.0s)"
2026-08-01 16:31:22 MDT,eaff1ff2d9cc4130a7415fafb1d68a3d,eaff1ff2_fisheye_1785623482.ts,rule1_continuous_disagreement,3,41,"detector '3' ON, detector '41' OFF for 5.051s (threshold=5.0s)"
2026-08-01 16:32:55 MDT,6fdb52dbcdb24560923fe75f4fd77926,6fdb52db_fisheye_1785623575.ts,rule2_orphan_pulse,2,46,"orphan on detector '2': orphan pulse duration=0.689s window=[1785623564.634, 1785623575.323]"
2026-08-01 16:34:52 MDT,410ac0bde81f42eaa933b4ee87a76303,410ac0bd_fisheye_1785623693.ts,rule2_orphan_pulse,43,29,"orphan on detector '29': orphan pulse duration=0.969s window=[1785623681.657, 1785623692.626]"
2026-08-01 16:35:21 MDT,64f7301bd7bf4893903144d9a0d312ba,64f7301b_fisheye_1785623723.ts,rule2_orphan_pulse,42,31,"orphan on detector '42': orphan pulse duration=1.981s window=[1785623709.838, 1785623721.819]"
2026-08-01 16:35:21 MDT,45ea4efcd1c048e198d148e9f66730b6,45ea4efc_fisheye_1785623723.ts,rule2_orphan_pulse,8,42,"orphan on detector '42': orphan pulse duration=1.981s window=[1785623709.838, 1785623721.819]"
2026-08-01 16:35:58 MDT,4cdc5fd455d5426a8f4fccfa65aafbfb,4cdc5fd4_fisheye_1785623760.ts,rule1_continuous_disagreement,33,26,"detector '26' ON, detector '33' OFF for 5.041s (threshold=5.0s)"
2026-08-01 16:37:05 MDT,93b7aa64cac84e9c980ae3cba7e1a49c,93b7aa64_fisheye_1785623827.ts,rule1_continuous_disagreement,31,8,"detector '8' ON, detector '31' OFF for 5.039s (threshold=5.0s)"
2026-08-01 16:37:05 MDT,9c3452340dc24a5699884e4d01fdf7fe,9c345234_fisheye_1785623827.ts,rule1_continuous_disagreement,8,42,"detector '8' ON, detector '42' OFF for 5.043s (threshold=5.0s)"
2026-08-01 16:37:40 MDT,93f026d6a21a4de3b9e242a2f2c59e27,93f026d6_fisheye_1785623861.ts,rule2_orphan_pulse,41,30,"orphan on detector '30': orphan pulse duration=0.651s window=[1785623849.795, 1785623860.447]"
2026-08-01 16:37:44 MDT,58cc0a0f73f34a71ac876a185fbee33c,58cc0a0f_fisheye_1785623865.ts,rule2_orphan_pulse,3,41,"orphan on detector '3': orphan pulse duration=0.662s window=[1785623853.411, 1785623864.073]"
2026-08-01 16:38:20 MDT,a1bc53b400f748f288c74e6334392f39,a1bc53b4_fisheye_1785623902.ts,rule1_continuous_disagreement,8,42,"detector '8' ON, detector '42' OFF for 5.035s (threshold=5.0s)"
2026-08-01 16:38:24 MDT,92af345c6437415ebc725579b2a03ffc,92af345c_fisheye_1785623904.ts,rule2_orphan_pulse,42,31,"orphan on detector '31': orphan pulse duration=0.668s window=[1785623893.290, 1785623903.959]"
2026-08-01 16:39:47 MDT,9579dd2de38b4d6e9176f623f27a405e,9579dd2d_fisheye_1785623989.ts,rule2_orphan_pulse,43,29,"orphan on detector '29': orphan pulse duration=0.67s window=[1785623976.927, 1785623987.597]"
2026-08-01 16:40:35 MDT,035791ca9b064e6c8932a1c08b60908f,035791ca_fisheye_1785624035.ts,rule2_orphan_pulse,43,29,"orphan on detector '43': orphan pulse duration=1.948s window=[1785624023.241, 1785624035.189]"
2026-08-01 16:41:00 MDT,b5684bd5f0e34c24875d968b5b71d10e,b5684bd5_fisheye_1785624062.ts,rule2_orphan_pulse,31,8,"orphan on detector '8': orphan pulse duration=4.185s window=[1785624046.350, 1785624060.535]"
2026-08-01 16:41:00 MDT,7f7b2c4a148b4c75bf8a88e7ac5394cd,7f7b2c4a_fisheye_1785624062.ts,rule2_orphan_pulse,8,42,"orphan on detector '8': orphan pulse duration=4.185s window=[1785624046.350, 1785624060.535]"
2026-08-01 16:44:49 MDT,51d505a97f9c4f99a3a4da65bf0d4eb2,51d505a9_fisheye_1785624291.ts,rule1_continuous_disagreement,31,8,"detector '8' ON, detector '31' OFF for 5.036s (threshold=5.0s)"
2026-08-01 16:44:49 MDT,b1279a26be2d45b7ae6b6814f5e5eb4e,b1279a26_fisheye_1785624291.ts,rule1_continuous_disagreement,8,42,"detector '8' ON, detector '42' OFF for 5.04s (threshold=5.0s)"
2026-08-01 16:45:32 MDT,2de241306aaa4110b62cfd5fe5b1908f,2de24130_fisheye_1785624333.ts,rule2_orphan_pulse,3,41,"orphan on detector '41': orphan pulse duration=2.062s window=[1785624320.692, 1785624332.753]"
2026-08-01 16:45:47 MDT,a6278f8d3c564b59adf158ff1cf0e18c,a6278f8d_fisheye_1785624349.ts,rule1_continuous_disagreement,39,22,"detector '39' ON, detector '22' OFF for 5.038s (threshold=5.0s)"
2026-08-01 16:47:01 MDT,0f886275de3447b4af1e94481b1a81a1,0f886275_fisheye_1785624422.ts,rule1_continuous_disagreement,31,8,"detector '8' ON, detector '31' OFF for 5.036s (threshold=5.0s)"
2026-08-01 16:47:01 MDT,aacaffff69a644ff8337bc021a860327,aacaffff_fisheye_1785624422.ts,rule1_continuous_disagreement,8,42,"detector '8' ON, detector '42' OFF for 5.051s (threshold=5.0s)"
