timestamp,iso_local,detector,event_code,event
1784504208.801,2026-07-19 17:36:48.801,1,0,init_off
1784504208.801,2026-07-19 17:36:48.801,2,0,init_off
1784504208.801,2026-07-19 17:36:48.801,3,0,init_on
1784504208.801,2026-07-19 17:36:48.801,4,0,init_off
1784504208.801,2026-07-19 17:36:48.801,5,0,init_off
1784504208.801,2026-07-19 17:36:48.801,6,0,init_off
1784504208.801,2026-07-19 17:36:48.801,7,0,init_off
1784504208.801,2026-07-19 17:36:48.801,8,0,init_off
1784504208.928,2026-07-19 17:36:48.928,9,0,init_off
1784504208.928,2026-07-19 17:36:48.928,10,0,init_off
1784504208.928,2026-07-19 17:36:48.928,11,0,init_off
1784504208.928,2026-07-19 17:36:48.928,12,0,init_off
1784504208.928,2026-07-19 17:36:48.928,13,0,init_off
1784504208.928,2026-07-19 17:36:48.928,14,0,init_off
1784504208.928,2026-07-19 17:36:48.928,15,0,init_off
1784504208.928,2026-07-19 17:36:48.928,16,0,init_off
1784504209.055,2026-07-19 17:36:49.055,17,0,init_off
1784504209.055,2026-07-19 17:36:49.055,18,0,init_off
1784504209.055,2026-07-19 17:36:49.055,19,0,init_off
1784504209.055,2026-07-19 17:36:49.055,20,0,init_off
1784504209.055,2026-07-19 17:36:49.055,21,0,init_off
1784504209.055,2026-07-19 17:36:49.055,22,0,init_off
1784504209.055,2026-07-19 17:36:49.055,23,0,init_off
1784504209.055,2026-07-19 17:36:49.055,24,0,init_off
1784504209.176,2026-07-19 17:36:49.175,25,0,init_off
1784504209.176,2026-07-19 17:36:49.175,26,0,init_on
1784504209.176,2026-07-19 17:36:49.175,27,0,init_off
1784504209.176,2026-07-19 17:36:49.175,28,0,init_off
1784504209.176,2026-07-19 17:36:49.175,29,0,init_off
1784504209.176,2026-07-19 17:36:49.175,30,0,init_off
1784504209.176,2026-07-19 17:36:49.175,31,0,init_off
1784504209.176,2026-07-19 17:36:49.175,32,0,init_off
1784504209.319,2026-07-19 17:36:49.319,33,0,init_on
1784504209.319,2026-07-19 17:36:49.319,34,0,init_on
1784504209.319,2026-07-19 17:36:49.319,35,0,init_off
1784504209.319,2026-07-19 17:36:49.319,36,0,init_off
1784504209.319,2026-07-19 17:36:49.319,37,0,init_off
1784504209.319,2026-07-19 17:36:49.319,38,0,init_off
1784504209.319,2026-07-19 17:36:49.319,39,0,init_off
1784504209.319,2026-07-19 17:36:49.319,40,0,init_off
1784504209.447,2026-07-19 17:36:49.447,41,0,init_off
1784504209.447,2026-07-19 17:36:49.447,42,0,init_on
1784504209.447,2026-07-19 17:36:49.447,43,0,init_off
1784504209.447,2026-07-19 17:36:49.447,44,0,init_off
1784504209.447,2026-07-19 17:36:49.447,45,0,init_off
1784504209.447,2026-07-19 17:36:49.447,46,0,init_off
1784504209.447,2026-07-19 17:36:49.447,47,0,init_off
1784504209.447,2026-07-19 17:36:49.447,48,0,init_off
1784504209.559,2026-07-19 17:36:49.559,49,0,init_off
1784504209.559,2026-07-19 17:36:49.559,50,0,init_off
1784504209.559,2026-07-19 17:36:49.559,51,0,init_off
1784504209.559,2026-07-19 17:36:49.559,52,0,init_off
1784504209.559,2026-07-19 17:36:49.559,53,0,init_off
1784504209.559,2026-07-19 17:36:49.559,54,0,init_off
1784504209.559,2026-07-19 17:36:49.559,55,0,init_off
1784504209.559,2026-07-19 17:36:49.559,56,0,init_off
1784504209.692,2026-07-19 17:36:49.692,57,0,init_off
1784504209.692,2026-07-19 17:36:49.692,58,0,init_off
1784504209.692,2026-07-19 17:36:49.692,59,0,init_off
1784504209.692,2026-07-19 17:36:49.692,60,0,init_off
1784504209.692,2026-07-19 17:36:49.692,61,0,init_off
1784504209.692,2026-07-19 17:36:49.692,62,0,init_off
1784504209.692,2026-07-19 17:36:49.692,63,0,init_off
1784504209.692,2026-07-19 17:36:49.692,64,0,init_off
1784504209.815,2026-07-19 17:36:49.815,3,81,off
1784504211.464,2026-07-19 17:36:51.463,29,82,on
1784504211.464,2026-07-19 17:36:51.463,31,82,on
1784504211.680,2026-07-19 17:36:51.680,35,82,on
1784504212.229,2026-07-19 17:36:52.229,8,82,on
1784504212.726,2026-07-19 17:36:52.725,29,81,off
1784504215.379,2026-07-19 17:36:55.378,34,81,off
1784504215.379,2026-07-19 17:36:55.378,36,82,on
1784504216.696,2026-07-19 17:36:56.696,35,81,off
1784504216.696,2026-07-19 17:36:56.696,36,81,off
1784504216.915,2026-07-19 17:36:56.915,48,82,on
1784504221.965,2026-07-19 17:37:01.965,31,81,off
1784504222.124,2026-07-19 17:37:02.124,36,82,on
1784504222.124,2026-07-19 17:37:02.124,38,82,on
1784504222.433,2026-07-19 17:37:02.433,42,81,off
1784504222.433,2026-07-19 17:37:02.433,46,82,on
1784504222.433,2026-07-19 17:37:02.433,48,81,off
1784504222.970,2026-07-19 17:37:02.969,2,82,on
1784504222.970,2026-07-19 17:37:02.969,8,81,off
1784504223.226,2026-07-19 17:37:03.225,17,82,on
1784504223.226,2026-07-19 17:37:03.225,24,82,on
1784504223.555,2026-07-19 17:37:03.555,36,81,off
1784504224.382,2026-07-19 17:37:04.382,7,82,on
1784504225.204,2026-07-19 17:37:05.203,40,82,on
1784504226.214,2026-07-19 17:37:06.214,40,81,off
1784504227.224,2026-07-19 17:37:07.224,38,81,off
1784504227.224,2026-07-19 17:37:07.224,40,82,on
1784504228.576,2026-07-19 17:37:08.575,40,81,off
1784504229.398,2026-07-19 17:37:09.397,7,81,off
1784504229.810,2026-07-19 17:37:09.810,24,81,off
1784504236.478,2026-07-19 17:37:16.478,46,81,off
1784504238.611,2026-07-19 17:37:18.611,2,81,off
1784504239.026,2026-07-19 17:37:19.025,17,81,off
1784504240.880,2026-07-19 17:37:20.879,34,82,on
1784504243.571,2026-07-19 17:37:23.570,33,81,off
1784504243.571,2026-07-19 17:37:23.570,35,82,on
1784504244.707,2026-07-19 17:37:24.706,33,82,on
1784504244.707,2026-07-19 17:37:24.706,35,81,off
1784504245.892,2026-07-19 17:37:25.891,24,82,on
1784504246.304,2026-07-19 17:37:26.303,33,81,off
1784504246.304,2026-07-19 17:37:26.303,34,81,off
1784504246.304,2026-07-19 17:37:26.303,35,82,on
1784504246.304,2026-07-19 17:37:26.303,38,82,on
1784504247.017,2026-07-19 17:37:27.016,7,82,on
1784504247.689,2026-07-19 17:37:27.688,33,82,on
1784504247.689,2026-07-19 17:37:27.688,34,82,on
1784504247.689,2026-07-19 17:37:27.688,35,81,off
1784504249.169,2026-07-19 17:37:29.169,33,81,off
1784504249.169,2026-07-19 17:37:29.169,34,81,off
1784504250.795,2026-07-19 17:37:30.795,33,82,on
1784504250.795,2026-07-19 17:37:30.795,35,82,on
1784504250.947,2026-07-19 17:37:30.946,47,82,on
1784504251.917,2026-07-19 17:37:31.917,34,82,on
1784504251.917,2026-07-19 17:37:31.917,35,81,off
1784504252.124,2026-07-19 17:37:32.124,47,81,off
1784504253.366,2026-07-19 17:37:33.365,30,82,on
1784504253.766,2026-07-19 17:37:33.765,41,82,on
1784504254.390,2026-07-19 17:37:34.390,3,82,on
1784504255.206,2026-07-19 17:37:35.205,34,81,off
1784504255.206,2026-07-19 17:37:35.205,36,82,on
1784504256.396,2026-07-19 17:37:36.396,17,82,on
1784504256.673,2026-07-19 17:37:36.673,35,82,on
1784504256.673,2026-07-19 17:37:36.673,36,81,off
1784504256.842,2026-07-19 17:37:36.841,46,82,on
1784504257.387,2026-07-19 17:37:37.387,2,82,on
1784504257.982,2026-07-19 17:37:37.982,26,81,off
1784504258.174,2026-07-19 17:37:38.174,33,81,off
1784504258.174,2026-07-19 17:37:38.174,35,81,off
1784504259.599,2026-07-19 17:37:39.598,26,82,on
1784504259.822,2026-07-19 17:37:39.821,33,82,on
1784504259.822,2026-07-19 17:37:39.821,34,82,on
1784504259.822,2026-07-19 17:37:39.821,35,82,on
1784504261.206,2026-07-19 17:37:41.205,34,81,off
1784504261.206,2026-07-19 17:37:41.205,35,81,off
1784504262.385,2026-07-19 17:37:42.385,34,82,on
1784504262.385,2026-07-19 17:37:42.385,36,82,on
1784504263.604,2026-07-19 17:37:43.603,34,81,off
1784504263.604,2026-07-19 17:37:43.603,35,82,on
1784504263.604,2026-07-19 17:37:43.603,36,81,off
1784504263.759,2026-07-19 17:37:43.758,46,81,off
1784504264.837,2026-07-19 17:37:44.836,17,81,off
1784504265.234,2026-07-19 17:37:45.233,34,82,on
1784504265.234,2026-07-19 17:37:45.233,35,81,off
1784504265.439,2026-07-19 17:37:45.438,43,82,on
1784504265.965,2026-07-19 17:37:45.964,2,81,off
1784504266.777,2026-07-19 17:37:46.776,34,81,off
1784504266.777,2026-07-19 17:37:46.776,35,82,on
1784504266.777,2026-07-19 17:37:46.776,36,82,on
1784504266.984,2026-07-19 17:37:46.984,42,82,on
1784504266.984,2026-07-19 17:37:46.984,43,81,off
1784504267.495,2026-07-19 17:37:47.494,8,82,on
1784504268.101,2026-07-19 17:37:48.100,29,82,on
1784504268.315,2026-07-19 17:37:48.314,35,81,off
1784504268.315,2026-07-19 17:37:48.314,36,81,off
1784504268.518,2026-07-19 17:37:48.517,42,81,off
1784504271.079,2026-07-19 17:37:51.078,34,82,on
1784504271.079,2026-07-19 17:37:51.078,35,82,on
1784504271.233,2026-07-19 17:37:51.232,43,82,on
1784504272.378,2026-07-19 17:37:52.377,29,81,off
1784504272.617,2026-07-19 17:37:52.617,34,81,off
1784504272.617,2026-07-19 17:37:52.617,35,81,off
1784504273.431,2026-07-19 17:37:53.431,8,81,off
1784504274.400,2026-07-19 17:37:54.399,42,82,on
1784504274.400,2026-07-19 17:37:54.399,43,81,off
1784504275.794,2026-07-19 17:37:55.793,34,82,on
1784504275.794,2026-07-19 17:37:55.793,35,82,on
1784504275.984,2026-07-19 17:37:55.984,42,81,off
1784504277.328,2026-07-19 17:37:57.327,33,81,off
1784504277.328,2026-07-19 17:37:57.327,35,81,off
1784504278.750,2026-07-19 17:37:58.750,33,82,on
1784504278.750,2026-07-19 17:37:58.750,34,81,off
1784504280.390,2026-07-19 17:38:00.389,34,82,on
1784504280.390,2026-07-19 17:38:00.389,35,82,on
1784504280.390,2026-07-19 17:38:00.389,36,82,on
1784504281.833,2026-07-19 17:38:01.833,33,81,off
1784504281.833,2026-07-19 17:38:01.833,34,81,off
1784504281.833,2026-07-19 17:38:01.833,35,81,off
1784504281.833,2026-07-19 17:38:01.833,36,81,off
1784504283.111,2026-07-19 17:38:03.111,33,82,on
1784504283.111,2026-07-19 17:38:03.111,36,82,on
1784504283.236,2026-07-19 17:38:03.235,47,82,on
1784504284.388,2026-07-19 17:38:04.388,34,82,on
1784504284.388,2026-07-19 17:38:04.388,36,81,off
1784504284.598,2026-07-19 17:38:04.598,47,81,off
1784504285.936,2026-07-19 17:38:05.935,33,81,off
1784504285.936,2026-07-19 17:38:05.935,34,81,off
1784504287.260,2026-07-19 17:38:07.259,33,82,on
1784504287.260,2026-07-19 17:38:07.259,34,82,on
1784504288.391,2026-07-19 17:38:08.390,33,81,off
1784504288.391,2026-07-19 17:38:08.390,34,81,off
1784504288.391,2026-07-19 17:38:08.390,35,82,on
1784504289.641,2026-07-19 17:38:09.641,33,82,on
1784504289.641,2026-07-19 17:38:09.641,34,82,on
1784504289.641,2026-07-19 17:38:09.641,35,81,off
1784504291.152,2026-07-19 17:38:11.152,34,81,off
1784504291.152,2026-07-19 17:38:11.152,35,82,on
1784504294.222,2026-07-19 17:38:14.221,33,81,off
1784504294.222,2026-07-19 17:38:14.221,34,82,on
1784504294.222,2026-07-19 17:38:14.221,35,81,off
1784504294.222,2026-07-19 17:38:14.221,36,82,on
1784504294.935,2026-07-19 17:38:14.935,2,82,on
1784504295.357,2026-07-19 17:38:15.356,17,82,on
1784504295.758,2026-07-19 17:38:15.757,33,82,on
1784504295.758,2026-07-19 17:38:15.757,34,81,off
1784504295.758,2026-07-19 17:38:15.757,36,81,off
1784504296.479,2026-07-19 17:38:16.479,2,81,off
1784504297.286,2026-07-19 17:38:17.286,35,82,on
1784504297.883,2026-07-19 17:38:17.882,2,82,on
1784504298.318,2026-07-19 17:38:18.318,17,81,off
1784504298.718,2026-07-19 17:38:18.717,35,81,off
1784504299.551,2026-07-19 17:38:19.550,2,81,off
1784504300.255,2026-07-19 17:38:20.255,34,82,on
1784504301.832,2026-07-19 17:38:21.831,34,81,off
1784504303.438,2026-07-19 17:38:23.437,34,82,on
1784504303.438,2026-07-19 17:38:23.437,35,82,on
1784504304.860,2026-07-19 17:38:24.859,34,81,off
1784504304.860,2026-07-19 17:38:24.859,35,81,off
1784504306.506,2026-07-19 17:38:26.506,33,81,off
1784504306.506,2026-07-19 17:38:26.506,34,82,on
1784504309.889,2026-07-19 17:38:29.889,33,82,on
1784504309.889,2026-07-19 17:38:29.889,34,81,off
1784504314.135,2026-07-19 17:38:34.135,19,82,on
1784504314.408,2026-07-19 17:38:34.408,33,81,off
1784504315.622,2026-07-19 17:38:35.621,19,81,off
1784504315.832,2026-07-19 17:38:35.832,26,81,off
1784504316.139,2026-07-19 17:38:36.139,46,82,on
1784504317.007,2026-07-19 17:38:37.007,17,82,on
1784504318.027,2026-07-19 17:38:38.027,2,82,on
1784504318.595,2026-07-19 17:38:38.594,36,82,on
1784504318.802,2026-07-19 17:38:38.801,46,81,off
1784504319.823,2026-07-19 17:38:39.823,17,81,off
1784504320.234,2026-07-19 17:38:40.234,36,81,off
1784504320.438,2026-07-19 17:38:40.438,46,82,on
1784504321.395,2026-07-19 17:38:41.395,17,82,on
1784504321.870,2026-07-19 17:38:41.869,46,81,off
1784504322.484,2026-07-19 17:38:42.483,2,81,off
1784504322.896,2026-07-19 17:38:42.896,17,81,off
1784504324.111,2026-07-19 17:38:44.110,2,82,on
1784504324.371,2026-07-19 17:38:44.370,17,82,on
1784504325.177,2026-07-19 17:38:45.176,2,81,off
1784504325.453,2026-07-19 17:38:45.453,17,81,off
1784504327.199,2026-07-19 17:38:47.199,26,82,on
1784504328.376,2026-07-19 17:38:48.375,26,81,off
1784504331.702,2026-07-19 17:38:51.702,46,82,on
1784504332.721,2026-07-19 17:38:52.721,17,82,on
1784504333.134,2026-07-19 17:38:53.134,36,82,on
1784504333.945,2026-07-19 17:38:53.945,2,82,on
1784504334.768,2026-07-19 17:38:54.768,36,81,off
1784504336.348,2026-07-19 17:38:56.348,47,82,on
1784504337.983,2026-07-19 17:38:57.983,7,81,off
1784504338.515,2026-07-19 17:38:58.514,34,82,on
1784504338.658,2026-07-19 17:38:58.658,47,81,off
1784504339.191,2026-07-19 17:38:59.190,7,82,on
1784504339.886,2026-07-19 17:38:59.886,34,81,off
1784504339.886,2026-07-19 17:38:59.886,36,82,on
1784504340.100,2026-07-19 17:39:00.100,48,82,on
1784504341.542,2026-07-19 17:39:01.542,36,81,off
1784504341.542,2026-07-19 17:39:01.542,40,82,on
1784504341.741,2026-07-19 17:39:01.740,41,81,off
1784504341.741,2026-07-19 17:39:01.740,42,82,on
1784504341.741,2026-07-19 17:39:01.740,47,82,on
1784504341.741,2026-07-19 17:39:01.740,48,81,off
1784504342.451,2026-07-19 17:39:02.451,7,81,off
1784504343.169,2026-07-19 17:39:03.169,35,82,on
1784504343.169,2026-07-19 17:39:03.169,40,81,off
1784504343.375,2026-07-19 17:39:03.375,41,82,on
1784504343.375,2026-07-19 17:39:03.375,47,81,off
1784504343.988,2026-07-19 17:39:03.987,7,82,on
1784504344.606,2026-07-19 17:39:04.606,30,81,off
1784504344.606,2026-07-19 17:39:04.606,31,82,on
1784504344.729,2026-07-19 17:39:04.729,40,82,on
1784504345.525,2026-07-19 17:39:05.525,8,82,on
1784504346.140,2026-07-19 17:39:06.140,26,82,on
1784504346.343,2026-07-19 17:39:06.343,33,82,on
1784504346.343,2026-07-19 17:39:06.343,35,81,off
1784504346.343,2026-07-19 17:39:06.343,40,81,off
1784504346.553,2026-07-19 17:39:06.553,41,81,off
1784504346.553,2026-07-19 17:39:06.553,46,81,off
1784504346.553,2026-07-19 17:39:06.553,48,82,on
1784504347.161,2026-07-19 17:39:07.161,2,81,off
1784504347.161,2026-07-19 17:39:07.161,3,81,off
1784504347.962,2026-07-19 17:39:07.962,34,82,on
1784504347.962,2026-07-19 17:39:07.962,35,82,on
1784504347.962,2026-07-19 17:39:07.962,40,82,on
1784504348.089,2026-07-19 17:39:08.089,46,82,on
1784504348.089,2026-07-19 17:39:08.089,48,81,off
1784504349.075,2026-07-19 17:39:09.075,34,81,off
1784504349.075,2026-07-19 17:39:09.075,35,81,off
1784504349.075,2026-07-19 17:39:09.075,40,81,off
1784504349.205,2026-07-19 17:39:09.205,47,82,on
1784504349.577,2026-07-19 17:39:09.577,2,82,on
1784504349.936,2026-07-19 17:39:09.935,29,82,on
1784504350.129,2026-07-19 17:39:10.129,34,82,on
1784504350.129,2026-07-19 17:39:10.129,36,82,on
1784504350.339,2026-07-19 17:39:10.339,48,82,on
1784504351.353,2026-07-19 17:39:11.353,29,81,off
1784504351.562,2026-07-19 17:39:11.561,36,81,off
1784504351.768,2026-07-19 17:39:11.767,47,81,off
1784504353.125,2026-07-19 17:39:13.124,35,82,on
1784504353.310,2026-07-19 17:39:13.310,47,82,on
1784504353.310,2026-07-19 17:39:13.310,48,81,off
1784504354.538,2026-07-19 17:39:14.538,35,81,off
1784504354.538,2026-07-19 17:39:14.538,40,82,on
1784504356.165,2026-07-19 17:39:16.164,34,81,off
1784504356.165,2026-07-19 17:39:16.164,40,81,off
1784504356.379,2026-07-19 17:39:16.378,47,81,off
1784504356.379,2026-07-19 17:39:16.378,48,82,on
1784504357.393,2026-07-19 17:39:17.392,19,82,on
1784504358.623,2026-07-19 17:39:18.623,7,81,off
1784504359.044,2026-07-19 17:39:19.043,19,81,off
1784504359.389,2026-07-19 17:39:19.389,34,82,on
1784504359.389,2026-07-19 17:39:19.389,35,82,on
1784504359.389,2026-07-19 17:39:19.389,40,82,on
1784504359.997,2026-07-19 17:39:19.997,7,82,on
1784504360.636,2026-07-19 17:39:20.636,35,81,off
1784504360.636,2026-07-19 17:39:20.636,40,81,off
1784504360.779,2026-07-19 17:39:20.778,47,82,on
1784504360.779,2026-07-19 17:39:20.778,48,81,off
1784504361.193,2026-07-19 17:39:21.193,7,81,off
1784504362.509,2026-07-19 17:39:22.509,7,82,on
1784504364.777,2026-07-19 17:39:24.777,34,81,off
1784504366.312,2026-07-19 17:39:26.311,34,82,on
1784504367.748,2026-07-19 17:39:27.748,30,82,on
1784504368.054,2026-07-19 17:39:28.053,41,82,on
1784504368.054,2026-07-19 17:39:28.053,47,81,off
1784504369.280,2026-07-19 17:39:29.280,34,81,off
1784504369.478,2026-07-19 17:39:29.478,41,81,off
1784504370.096,2026-07-19 17:39:30.096,3,82,on
1784504370.096,2026-07-19 17:39:30.096,7,81,off
1784504370.609,2026-07-19 17:39:30.609,30,81,off
1784504370.819,2026-07-19 17:39:30.818,35,82,on
1784504370.819,2026-07-19 17:39:30.818,40,82,on
1784504371.532,2026-07-19 17:39:31.532,3,81,off
1784504371.532,2026-07-19 17:39:31.532,7,82,on
1784504372.448,2026-07-19 17:39:32.448,35,81,off
1784504372.448,2026-07-19 17:39:32.448,40,81,off
1784504373.274,2026-07-19 17:39:33.273,7,81,off
1784504374.911,2026-07-19 17:39:34.911,7,82,on
1784504375.529,2026-07-19 17:39:35.528,29,82,on
1784504375.728,2026-07-19 17:39:35.728,36,82,on
1784504377.135,2026-07-19 17:39:37.135,36,81,off
1784504381.350,2026-07-19 17:39:41.350,29,81,off
1784504381.561,2026-07-19 17:39:41.561,35,82,on
1784504382.795,2026-07-19 17:39:42.794,19,82,on
1784504383.143,2026-07-19 17:39:43.143,35,81,off
1784504384.949,2026-07-19 17:39:44.949,42,81,off
1784504385.511,2026-07-19 17:39:45.511,8,81,off
1784504386.076,2026-07-19 17:39:46.075,31,81,off
1784504400.629,2026-07-19 17:40:00.628,19,81,off
1784504400.898,2026-07-19 17:40:00.898,33,81,off
1784504401.020,2026-07-19 17:40:01.019,47,82,on
1784504402.058,2026-07-19 17:40:02.057,33,82,on
1784504402.058,2026-07-19 17:40:02.057,34,82,on
1784504402.252,2026-07-19 17:40:02.251,45,82,on
1784504402.252,2026-07-19 17:40:02.251,46,81,off
1784504402.252,2026-07-19 17:40:02.251,47,81,off
1784504403.583,2026-07-19 17:40:03.582,43,82,on
1784504403.583,2026-07-19 17:40:03.582,45,81,off
1784504403.583,2026-07-19 17:40:03.582,46,82,on
1784504403.583,2026-07-19 17:40:03.582,47,82,on
1784504404.784,2026-07-19 17:40:04.784,29,82,on
1784504405.048,2026-07-19 17:40:05.048,33,81,off
1784504405.330,2026-07-19 17:40:05.330,46,81,off
1784504405.330,2026-07-19 17:40:05.330,47,81,off
1784504405.883,2026-07-19 17:40:05.883,2,81,off
1784504405.883,2026-07-19 17:40:05.883,8,82,on
1784504406.149,2026-07-19 17:40:06.148,17,81,off
1784504406.451,2026-07-19 17:40:06.451,33,82,on
1784504406.657,2026-07-19 17:40:06.657,46,82,on
1784504407.196,2026-07-19 17:40:07.195,2,82,on
1784504407.578,2026-07-19 17:40:07.578,17,82,on
1784504408.017,2026-07-19 17:40:08.016,47,82,on
1784504409.094,2026-07-19 17:40:09.093,34,81,off
1784504409.320,2026-07-19 17:40:09.319,47,81,off
1784504410.380,2026-07-19 17:40:10.380,34,82,on
1784504410.533,2026-07-19 17:40:10.532,47,82,on
1784504410.533,2026-07-19 17:40:10.532,48,82,on
1784504411.396,2026-07-19 17:40:11.396,19,82,on
1784504411.653,2026-07-19 17:40:11.653,33,81,off
1784504411.653,2026-07-19 17:40:11.653,34,81,off
1784504411.653,2026-07-19 17:40:11.653,35,82,on
1784504412.404,2026-07-19 17:40:12.403,8,81,off
1784504412.685,2026-07-19 17:40:12.685,19,81,off
1784504412.899,2026-07-19 17:40:12.899,29,81,off
1784504413.097,2026-07-19 17:40:13.097,33,82,on
1784504413.097,2026-07-19 17:40:13.097,34,82,on
1784504413.097,2026-07-19 17:40:13.097,35,81,off
1784504413.318,2026-07-19 17:40:13.318,43,81,off
1784504413.318,2026-07-19 17:40:13.318,46,81,off
1784504413.318,2026-07-19 17:40:13.318,47,81,off
1784504414.740,2026-07-19 17:40:14.740,34,81,off
1784504414.740,2026-07-19 17:40:14.740,36,82,on
1784504414.952,2026-07-19 17:40:14.951,46,82,on
1784504414.952,2026-07-19 17:40:14.951,48,81,off
1784504416.383,2026-07-19 17:40:16.383,33,81,off
1784504416.383,2026-07-19 17:40:16.383,34,82,on
1784504416.583,2026-07-19 17:40:16.582,48,82,on
1784504417.615,2026-07-19 17:40:17.614,19,82,on
1784504418.024,2026-07-19 17:40:18.023,34,81,off
1784504418.024,2026-07-19 17:40:18.023,36,81,off
1784504418.228,2026-07-19 17:40:18.227,47,82,on
1784504419.249,2026-07-19 17:40:19.249,19,81,off
1784504419.649,2026-07-19 17:40:19.649,35,82,on
1784504419.856,2026-07-19 17:40:19.856,47,81,off
1784504419.856,2026-07-19 17:40:19.856,48,81,off
1784504793.948,2026-07-19 17:46:33.948,7,81,off
1784504793.948,2026-07-19 17:46:33.948,8,82,on
1784504794.218,2026-07-19 17:46:34.217,24,81,off
1784504794.487,2026-07-19 17:46:34.487,33,82,on
1784504794.487,2026-07-19 17:46:34.487,35,81,off
1784504794.487,2026-07-19 17:46:34.487,38,81,off
1784504795.144,2026-07-19 17:46:35.144,8,81,off
1784504795.794,2026-07-19 17:46:35.793,36,82,on
1784504798.990,2026-07-19 17:46:38.990,36,81,off
1784504800.227,2026-07-19 17:46:40.226,38,82,on
1784504801.296,2026-07-19 17:46:41.296,24,82,on
1784504804.173,2026-07-19 17:46:44.172,7,82,on
1784504804.572,2026-07-19 17:46:44.572,30,82,on
1784504804.697,2026-07-19 17:46:44.696,35,82,on
1784504806.445,2026-07-19 17:46:46.444,3,82,on
1784504807.033,2026-07-19 17:46:47.032,33,81,off
1784504807.227,2026-07-19 17:46:47.227,41,82,on
1784504807.677,2026-07-19 17:46:47.676,2,81,off
1784504808.194,2026-07-19 17:46:48.193,33,82,on
1784504808.194,2026-07-19 17:46:48.193,34,82,on
1784504808.194,2026-07-19 17:46:48.193,35,81,off
1784504808.684,2026-07-19 17:46:48.683,2,82,on
1784504809.217,2026-07-19 17:46:49.217,34,81,off
1784504809.330,2026-07-19 17:46:49.330,46,81,off
