timestamp,timestamp_utc,camera_id,deleted_file,kept_file,deleted_start_ts,deleted_end_ts,kept_start_ts,kept_end_ts,deleted_duration_sec,bytes_reclaimed,log_rows_updated,tolerance_sec
1785685433.068602,2026-08-02 15:43:53 UTC,fisheye,bb1e32eb_fisheye_1785685305.ts,9fd60c87_fisheye_1785685305.ts,1785685295.590,1785685311.440,1785685295.506,1785685321.505,15.850,1066148,1,0.5
1785686333.545333,2026-08-02 15:58:53 UTC,fisheye,d62a9c1e_fisheye_1785686029.ts,14c8f008_fisheye_1785686029.ts,1785686021.139,1785686045.488,1785686021.072,1785686045.122,24.350,1457940,1,0.5
1785686333.545333,2026-08-02 15:58:53 UTC,fisheye,ed4922cf_fisheye_1785686067.ts,ee65655a_fisheye_1785686069.ts,1785686058.325,1785686085.575,1785686058.277,1785686086.827,27.250,1492532,1,0.5
1785686633.857204,2026-08-02 16:03:53 UTC,fisheye,a3ba8832_fisheye_1785686244.ts,c7c5f1cf_fisheye_1785686228.ts,1785686238.079,1785686264.379,1785686219.457,1785686301.256,26.300,1435944,1,0.5
1785686633.857204,2026-08-02 16:03:53 UTC,fisheye,236d8b2c_fisheye_1785686268.ts,c7c5f1cf_fisheye_1785686228.ts,1785686262.891,1785686297.191,1785686219.457,1785686301.256,34.300,1872668,1,0.5
1785686633.857204,2026-08-02 16:03:53 UTC,fisheye,a6e93a21_fisheye_1785686424.ts,bdaca9db_fisheye_1785686422.ts,1785686417.707,1785686428.757,1785686411.514,1785686438.764,11.050,665708,1,0.5
1785686934.246444,2026-08-02 16:08:54 UTC,fisheye,20c3af83_fisheye_1785686801.ts,13f52096_fisheye_1785686801.ts,1785686789.881,1785686809.581,1785686789.881,1785686809.581,19.700,1255840,1,0.5
1785687234.638716,2026-08-02 16:13:54 UTC,fisheye,62eab7ce_fisheye_1785687147.ts,ebf3aaea_fisheye_1785687145.ts,1785687141.372,1785687154.022,1785687135.172,1785687154.022,12.650,906536,1,0.5
1785687535.040180,2026-08-02 16:18:55 UTC,fisheye,14ff0116_fisheye_1785687251.ts,10497aeb_fisheye_1785687249.ts,1785687240.562,1785687285.962,1785687240.560,1785687285.960,45.400,2464116,1,0.5
1785689037.776945,2026-08-02 16:43:57 UTC,fisheye,9066e3af_fisheye_1785688715.ts,33e55939_fisheye_1785688709.ts,1785688703.724,1785688723.524,1785688697.533,1785688728.583,19.800,1110140,1,0.5
1785689639.133312,2026-08-02 16:53:59 UTC,fisheye,5fead57c_fisheye_1785689392.ts,6b1e2494_fisheye_1785689382.ts,1785689385.774,1785689409.174,1785689373.458,1785689443.608,23.400,1227076,1,0.5
1785690240.737134,2026-08-02 17:04:00 UTC,fisheye,259ebf99_fisheye_1785689875.ts,4d62b176_fisheye_1785689875.ts,1785689869.407,1785689892.907,1785689863.153,1785689893.303,23.500,1621876,1,0.5
1785690240.737134,2026-08-02 17:04:00 UTC,fisheye,b8fd5369_fisheye_1785690062.ts,3b1a4d95_fisheye_1785690011.ts,1785690053.830,1785690079.880,1785690004.190,1785690098.740,26.050,1775848,1,0.5
1785690842.635939,2026-08-02 17:14:02 UTC,fisheye,abf3c493_fisheye_1785690492.ts,47e97d83_fisheye_1785690455.ts,1785690481.525,1785690498.425,1785690444.430,1785690512.629,16.900,1064268,1,0.5
1785690842.635939,2026-08-02 17:14:02 UTC,fisheye,d965dbfa_fisheye_1785690599.ts,56cc04df_fisheye_1785690581.ts,1785690587.029,1785690605.979,1785690574.643,1785690674.992,18.950,1286108,1,0.5
1785690842.635939,2026-08-02 17:14:02 UTC,fisheye,202aa8a1_fisheye_1785690656.ts,56cc04df_fisheye_1785690581.ts,1785690648.985,1785690674.335,1785690574.643,1785690674.992,25.350,1583900,1,0.5
1785692950.044006,2026-08-02 17:49:10 UTC,fisheye,93a4b371_fisheye_1785692549.ts,e5f3a530_fisheye_1785692531.ts,1785692538.859,1785692555.959,1785692520.225,1785692649.224,17.100,1287048,1,0.5
1785692950.044006,2026-08-02 17:49:10 UTC,fisheye,052bccdc_fisheye_1785692557.ts,e5f3a530_fisheye_1785692531.ts,1785692544.974,1785692573.974,1785692520.225,1785692649.224,29.000,2056720,1,0.5
1785692950.044006,2026-08-02 17:49:10 UTC,fisheye,7580492e_fisheye_1785692586.ts,e5f3a530_fisheye_1785692531.ts,1785692575.950,1785692608.700,1785692520.225,1785692649.224,32.750,2149780,1,0.5
1785692950.044006,2026-08-02 17:49:10 UTC,fisheye,9988f818_fisheye_1785692626.ts,e5f3a530_fisheye_1785692531.ts,1785692619.323,1785692646.822,1785692520.225,1785692649.224,27.500,1758928,1,0.5
1785692950.044006,2026-08-02 17:49:10 UTC,fisheye,6e577d23_fisheye_1785692732.ts,4734b70f_fisheye_1785692734.ts,1785692724.764,1785692749.114,1785692724.736,1785692751.086,24.350,1394772,1,0.5
1785693251.394395,2026-08-02 17:54:11 UTC,fisheye,63da0abf_fisheye_1785692872.ts,78520e9c_fisheye_1785692833.ts,1785692861.157,1785692889.407,1785692824.069,1785693000.168,28.250,2038108,1,0.5
1785693251.394395,2026-08-02 17:54:11 UTC,fisheye,5f1f3e53_fisheye_1785692900.ts,78520e9c_fisheye_1785692833.ts,1785692892.190,1785692916.490,1785692824.069,1785693000.168,24.300,1891280,1,0.5
1785693251.394395,2026-08-02 17:54:11 UTC,fisheye,6f741d85_fisheye_1785692929.ts,78520e9c_fisheye_1785692833.ts,1785692916.904,1785692944.854,1785692824.069,1785693000.168,27.950,2010660,1,0.5
1785693251.394395,2026-08-02 17:54:11 UTC,fisheye,a60eec2a_fisheye_1785692977.ts,78520e9c_fisheye_1785692833.ts,1785692966.563,1785692994.213,1785692824.069,1785693000.168,27.650,1761936,1,0.5
1785693552.847536,2026-08-02 17:59:12 UTC,fisheye,bf11dc6d_fisheye_1785693409.ts,8f79b558_fisheye_1785693411.ts,1785693400.615,1785693419.865,1785693400.587,1785693427.737,19.250,1320700,1,0.5
1785694155.541580,2026-08-02 18:09:15 UTC,fisheye,d5c57f8c_fisheye_1785693896.ts,849129e5_fisheye_1785693896.ts,1785693888.471,1785693904.721,1785693888.471,1785693904.721,16.250,942444,1,0.5
1785694155.541580,2026-08-02 18:09:15 UTC,fisheye,8c620b4e_fisheye_1785694020.ts,4e1b4e73_fisheye_1785693971.ts,1785694009.107,1785694038.207,1785693959.560,1785694075.059,29.100,2083792,1,0.5
1785694457.124603,2026-08-02 18:14:17 UTC,fisheye,21dd49e7_fisheye_1785694154.ts,45f8e41f_fisheye_1785694139.ts,1785694145.562,1785694171.511,1785694133.238,1785694247.487,25.950,1633908,1,0.5
1785694457.124603,2026-08-02 18:14:17 UTC,fisheye,b24096ba_fisheye_1785694200.ts,45f8e41f_fisheye_1785694139.ts,1785694195.187,1785694216.837,1785694133.238,1785694247.487,21.650,1377852,1,0.5
1785694457.124603,2026-08-02 18:14:17 UTC,fisheye,d5cca0e8_fisheye_1785694225.ts,45f8e41f_fisheye_1785694139.ts,1785694213.855,1785694235.305,1785694133.238,1785694247.487,21.450,1423724,1,0.5
1785694457.124603,2026-08-02 18:14:17 UTC,fisheye,2ea9b6d7_fisheye_1785694344.ts,46393bba_fisheye_1785694340.ts,1785694337.835,1785694361.135,1785694331.599,1785694361.049,23.300,1586344,1,0.5
1785694758.836471,2026-08-02 18:19:18 UTC,fisheye,5435d605_fisheye_1785694371.ts,f569af04_fisheye_1785694367.ts,1785694362.704,1785694387.504,1785694356.383,1785694427.932,24.800,1984716,1,0.5
1785694758.836471,2026-08-02 18:19:18 UTC,fisheye,b1149636_fisheye_1785694403.ts,f569af04_fisheye_1785694367.ts,1785694393.682,1785694413.732,1785694356.383,1785694427.932,20.050,1231776,1,0.5
1785694758.836471,2026-08-02 18:19:18 UTC,fisheye,fd9ff514_fisheye_1785694521.ts,907afce2_fisheye_1785694511.ts,1785694511.412,1785694529.361,1785694505.189,1785694584.039,17.950,1065396,1,0.5
1785694758.836471,2026-08-02 18:19:18 UTC,fisheye,b3ac699d_fisheye_1785694565.ts,907afce2_fisheye_1785694511.ts,1785694554.825,1785694582.175,1785694505.189,1785694584.039,27.350,1969112,1,0.5
1785695060.631384,2026-08-02 18:24:20 UTC,fisheye,696b76d6_fisheye_1785694721.ts,eb5aa9d8_fisheye_1785694715.ts,1785694709.920,1785694727.870,1785694703.531,1785694756.230,17.950,1275016,1,0.5
1785695060.631384,2026-08-02 18:24:20 UTC,fisheye,2959328c_fisheye_1785694727.ts,eb5aa9d8_fisheye_1785694715.ts,1785694716.065,1785694744.915,1785694703.531,1785694756.230,28.850,2064616,1,0.5
1785695060.631384,2026-08-02 18:24:20 UTC,fisheye,b9a81569_fisheye_1785694922.ts,0da55aed_fisheye_1785694924.ts,1785694914.470,1785694993.170,1785694914.469,1785694993.168,78.700,4837052,1,0.5
1785695362.491537,2026-08-02 18:29:22 UTC,fisheye,9a715fbd_fisheye_1785695163.ts,f2747773_fisheye_1785695165.ts,1785695156.286,1785695180.286,1785695156.215,1785695185.515,24.000,1434628,1,0.5
1785695664.367898,2026-08-02 18:34:24 UTC,fisheye,e6048bc7_fisheye_1785695373.ts,97cd48b2_fisheye_1785695369.ts,1785695367.043,1785695392.593,1785695360.807,1785695503.657,25.550,1955012,1,0.5
1785695664.367898,2026-08-02 18:34:24 UTC,fisheye,8c3874de_fisheye_1785695459.ts,97cd48b2_fisheye_1785695369.ts,1785695447.561,1785695467.161,1785695360.807,1785695503.657,19.600,1324836,1,0.5
1785695664.367898,2026-08-02 18:34:24 UTC,fisheye,c85bfbb7_fisheye_1785695475.ts,97cd48b2_fisheye_1785695369.ts,1785695466.281,1785695493.481,1785695360.807,1785695503.657,27.200,1695384,1,0.5
1785695966.414259,2026-08-02 18:39:26 UTC,fisheye,9a9c869b_fisheye_1785695603.ts,2000b0a4_fisheye_1785695607.ts,1785695596.467,1785695619.017,1785695596.398,1785695625.748,22.550,1505128,1,0.5
1785696570.529903,2026-08-02 18:49:30 UTC,fisheye,b6f9d511_fisheye_1785696185.ts,74a01064_fisheye_1785696130.ts,1785696173.070,1785696200.819,1785696123.464,1785696284.514,27.750,2212008,1,0.5
1785696570.529903,2026-08-02 18:49:30 UTC,fisheye,b5260fed_fisheye_1785696205.ts,74a01064_fisheye_1785696130.ts,1785696197.763,1785696211.513,1785696123.464,1785696284.514,13.750,885856,1,0.5
1785696570.529903,2026-08-02 18:49:30 UTC,fisheye,756dfe8a_fisheye_1785696243.ts,74a01064_fisheye_1785696130.ts,1785696235.057,1785696250.007,1785696123.464,1785696284.514,14.950,1090400,1,0.5
1785696570.529903,2026-08-02 18:49:30 UTC,fisheye,f553efa9_fisheye_1785696288.ts,7e0d41ad_fisheye_1785696262.ts,1785696278.406,1785696296.656,1785696253.678,1785696306.828,18.250,1391952,1,0.5
1785696570.529903,2026-08-02 18:49:30 UTC,fisheye,be17e928_fisheye_1785696361.ts,d245c5be_fisheye_1785696321.ts,1785696352.774,1785696375.824,1785696309.503,1785696388.003,23.050,1547052,1,0.5
1785696570.529903,2026-08-02 18:49:30 UTC,fisheye,a85136e1_fisheye_1785696410.ts,783a7b86_fisheye_1785696383.ts,1785696402.343,1785696429.543,1785696371.401,1785696450.851,27.200,1803860,1,0.5
1785696872.809324,2026-08-02 18:54:32 UTC,fisheye,73b44adc_fisheye_1785696643.ts,4f592a34_fisheye_1785696643.ts,1785696637.984,1785696659.884,1785696631.852,1785696661.801,21.900,1781488,1,0.5
1785697779.862526,2026-08-02 19:09:39 UTC,fisheye,5fef2027_fisheye_1785697369.ts,1befd7f6_fisheye_1785697371.ts,1785697363.372,1785697478.821,1785697363.372,1785697478.821,115.450,7429384,1,0.5
1785698082.260329,2026-08-02 19:14:42 UTC,fisheye,eda3e2c4_fisheye_1785697833.ts,8a02b9c9_fisheye_1785697813.ts,1785697822.193,1785697854.043,1785697803.623,1785697900.673,31.850,2399444,1,0.5
1785698082.260329,2026-08-02 19:14:42 UTC,fisheye,63bf1ef8_fisheye_1785697878.ts,8a02b9c9_fisheye_1785697813.ts,1785697871.743,1785697884.443,1785697803.623,1785697900.673,12.700,1012380,1,0.5
1785698384.841391,2026-08-02 19:19:44 UTC,fisheye,f812f556_fisheye_1785698097.ts,d2ddd0a5_fisheye_1785698087.ts,1785698088.742,1785698116.892,1785698076.438,1785698119.788,28.150,1656468,1,0.5
1785698384.841391,2026-08-02 19:19:44 UTC,fisheye,3b378908_fisheye_1785698281.ts,1c9d09b5_fisheye_1785698284.ts,1785698274.847,1785698296.197,1785698274.827,1785698302.677,21.350,1464520,1,0.5
1785698687.351538,2026-08-02 19:24:47 UTC,fisheye,b16df528_fisheye_1785698336.ts,4897966a_fisheye_1785698336.ts,1785698330.564,1785698442.214,1785698324.412,1785698442.212,111.650,8753844,1,0.5
1785698687.351538,2026-08-02 19:24:47 UTC,fisheye,357f9910_fisheye_1785698499.ts,d7c76c79_fisheye_1785698494.ts,1785698491.707,1785698505.107,1785698485.566,1785698510.916,13.400,1003732,1,0.5
1785698989.993836,2026-08-02 19:29:49 UTC,fisheye,c5a4c434_fisheye_1785698707.ts,4acbf79e_fisheye_1785698707.ts,1785698696.373,1785698723.523,1785698696.339,1785698727.189,27.150,1862704,1,0.5
1785698989.993836,2026-08-02 19:29:49 UTC,fisheye,7fb8e330_fisheye_1785698784.ts,82c9cc02_fisheye_1785698774.ts,1785698776.956,1785698801.556,1785698764.584,1785698815.334,24.600,1463956,1,0.5
1785699292.552233,2026-08-02 19:34:52 UTC,fisheye,e81ca996_fisheye_1785699074.ts,e7f6114e_fisheye_1785699040.ts,1785699068.355,1785699089.105,1785699031.177,1785699202.526,20.750,1305848,1,0.5
1785699292.552233,2026-08-02 19:34:52 UTC,fisheye,cb780ec8_fisheye_1785699101.ts,e7f6114e_fisheye_1785699040.ts,1785699093.197,1785699117.247,1785699031.177,1785699202.526,24.050,1630900,1,0.5
1785699292.552233,2026-08-02 19:34:52 UTC,fisheye,e320ad31_fisheye_1785699133.ts,e7f6114e_fisheye_1785699040.ts,1785699124.178,1785699202.528,1785699031.177,1785699202.526,78.350,4840248,1,0.5
1785699595.255793,2026-08-02 19:39:55 UTC,fisheye,7bfbfa38_fisheye_1785699277.ts,102a339d_fisheye_1785699267.ts,1785699266.746,1785699283.596,1785699260.623,1785699405.322,16.850,1306412,1,0.5
1785699595.255793,2026-08-02 19:39:55 UTC,fisheye,821f62d3_fisheye_1785699301.ts,102a339d_fisheye_1785699267.ts,1785699291.461,1785699344.460,1785699260.623,1785699405.322,53.000,3550192,1,0.5
1785699595.255793,2026-08-02 19:39:55 UTC,fisheye,ff4ff619_fisheye_1785699348.ts,102a339d_fisheye_1785699267.ts,1785699341.218,1785699368.418,1785699260.623,1785699405.322,27.200,1965916,1,0.5
1785699595.255793,2026-08-02 19:39:55 UTC,fisheye,d95c73a9_fisheye_1785699368.ts,102a339d_fisheye_1785699267.ts,1785699359.655,1785699385.155,1785699260.623,1785699405.322,25.500,1924368,1,0.5
1785699595.255793,2026-08-02 19:39:55 UTC,fisheye,0ae37a06_fisheye_1785699433.ts,5b0ad8a9_fisheye_1785699409.ts,1785699427.979,1785699439.829,1785699403.174,1785699443.873,11.850,793172,1,0.5
1785700200.936584,2026-08-02 19:50:00 UTC,fisheye,2cc5eff2_fisheye_1785699776.ts,cfee1287_fisheye_1785699772.ts,1785699768.913,1785699792.963,1785699762.740,1785699843.489,24.050,1384620,1,0.5
1785700200.936584,2026-08-02 19:50:00 UTC,fisheye,c3acd35e_fisheye_1785699817.ts,cfee1287_fisheye_1785699772.ts,1785699806.163,1785699833.413,1785699762.740,1785699843.489,27.250,1921548,1,0.5
1785700200.936584,2026-08-02 19:50:00 UTC,fisheye,0421d90f_fisheye_1785699955.ts,592c1c1e_fisheye_1785699955.ts,1785699942.484,1785699971.084,1785699942.458,1785699971.308,28.600,1687676,1,0.5
1785700200.936584,2026-08-02 19:50:00 UTC,fisheye,5890244f_fisheye_1785699971.ts,e7a1d43a_fisheye_1785699973.ts,1785699961.253,1785699988.253,1785699961.201,1785699991.901,27.000,1532388,1,0.5
1785700503.850889,2026-08-02 19:55:03 UTC,fisheye,3d536fbb_fisheye_1785700198.ts,3849ef97_fisheye_1785700184.ts,1785700190.454,1785700214.804,1785700178.137,1785700293.736,24.350,1637292,1,0.5
1785700503.850889,2026-08-02 19:55:03 UTC,fisheye,b9cc4527_fisheye_1785700236.ts,3849ef97_fisheye_1785700184.ts,1785700227.819,1785700289.669,1785700178.137,1785700293.736,61.850,4048204,1,0.5
1785700503.850889,2026-08-02 19:55:03 UTC,fisheye,c82edf00_fisheye_1785700318.ts,15335e16_fisheye_1785700318.ts,1785700308.357,1785700326.206,1785700308.307,1785700334.357,17.850,1127248,1,0.5
1785700503.850889,2026-08-02 19:55:03 UTC,fisheye,7072e775_fisheye_1785700360.ts,bda3441f_fisheye_1785700354.ts,1785700351.842,1785700376.592,1785700345.545,1785700384.995,24.750,1563596,1,0.5
1785700806.953797,2026-08-02 20:00:06 UTC,fisheye,2462d988_fisheye_1785700620.ts,9e91a9c9_fisheye_1785700557.ts,1785700612.111,1785700639.211,1785700550.175,1785700675.074,27.100,1921924,1,0.5
1785701109.956695,2026-08-02 20:05:09 UTC,fisheye,2143a55a_fisheye_1785700697.ts,48a54cba_fisheye_1785700691.ts,1785700686.582,1785700713.682,1785700680.259,1785700863.759,27.100,1610784,1,0.5
1785701109.956695,2026-08-02 20:05:09 UTC,fisheye,6e6c66b3_fisheye_1785700719.ts,48a54cba_fisheye_1785700691.ts,1785700711.326,1785700739.526,1785700680.259,1785700863.759,28.200,1800664,1,0.5
1785701109.956695,2026-08-02 20:05:09 UTC,fisheye,2230644c_fisheye_1785700742.ts,48a54cba_fisheye_1785700691.ts,1785700736.182,1785700748.131,1785700680.259,1785700863.759,11.950,845248,1,0.5
1785701109.956695,2026-08-02 20:05:09 UTC,fisheye,d3dd4e1b_fisheye_1785700764.ts,48a54cba_fisheye_1785700691.ts,1785700754.757,1785700781.007,1785700680.259,1785700863.759,26.250,1776976,1,0.5
1785701109.956695,2026-08-02 20:05:09 UTC,fisheye,25df8250_fisheye_1785700790.ts,48a54cba_fisheye_1785700691.ts,1785700779.588,1785700809.388,1785700680.259,1785700863.759,29.800,1842400,1,0.5
1785701413.186572,2026-08-02 20:10:13 UTC,fisheye,8206e6f6_fisheye_1785701078.ts,2af22863_fisheye_1785701058.ts,1785701071.008,1785701096.058,1785701052.411,1785701253.161,25.050,1809312,1,0.5
1785701413.186572,2026-08-02 20:10:13 UTC,fisheye,e4f5decf_fisheye_1785701275.ts,486bf23a_fisheye_1785701115.ts,1785701269.517,1785701287.617,1785701108.127,1785701297.776,18.100,1082504,1,0.5
1785701716.454170,2026-08-02 20:15:16 UTC,fisheye,08e3bbb2_fisheye_1785701417.ts,80430a83_fisheye_1785701354.ts,1785701405.799,1785701453.949,1785701343.834,1785701476.283,48.150,2872452,1,0.5
1785701716.454170,2026-08-02 20:15:16 UTC,fisheye,e379e102_fisheye_1785701606.ts,f9d49c5c_fisheye_1785701587.ts,1785701598.016,1785701622.116,1785701579.395,1785701646.645,24.100,1747836,1,0.5
1785701716.454170,2026-08-02 20:15:16 UTC,fisheye,d01c8f1c_fisheye_1785701624.ts,f9d49c5c_fisheye_1785701587.ts,1785701616.519,1785701628.419,1785701579.395,1785701646.645,11.900,799188,1,0.5
1785702019.836850,2026-08-02 20:20:19 UTC,fisheye,e77c4fbe_fisheye_1785701735.ts,5461fb85_fisheye_1785701735.ts,1785701728.268,1785701752.618,1785701728.138,1785701753.288,24.350,1715688,1,0.5
1785702323.327619,2026-08-02 20:25:23 UTC,fisheye,0ce9df78_fisheye_1785702068.ts,0b877af7_fisheye_1785702066.ts,1785702062.966,1785702127.365,1785702056.813,1785702127.363,64.400,4302192,1,0.5
1785702323.327619,2026-08-02 20:25:23 UTC,fisheye,2f72f1cb_fisheye_1785702243.ts,c6c740d4_fisheye_1785702241.ts,1785702236.609,1785702251.159,1785702230.413,1785702256.713,14.550,896196,1,0.5
1785702626.824066,2026-08-02 20:30:26 UTC,fisheye,5e692f7c_fisheye_1785702431.ts,05312e62_fisheye_1785702423.ts,1785702422.480,1785702437.880,1785702416.416,1785702443.566,15.400,887360,1,0.5
1785703234.143682,2026-08-02 20:40:34 UTC,fisheye,27a07a94_fisheye_1785702904.ts,f64f0c22_fisheye_1785702896.ts,1785702893.806,1785702910.356,1785702887.574,1785703003.573,16.550,1114464,1,0.5
1785703234.143682,2026-08-02 20:40:34 UTC,fisheye,46e51a8f_fisheye_1785702916.ts,f64f0c22_fisheye_1785702896.ts,1785702906.234,1785702932.734,1785702887.574,1785703003.573,26.500,1746708,1,0.5
1785703537.753542,2026-08-02 20:45:37 UTC,fisheye,c6e00bc2_fisheye_1785703417.ts,1b71390e_fisheye_1785703409.ts,1785703408.407,1785703423.457,1785703402.207,1785703423.457,15.050,877584,1,0.5
1785703841.359253,2026-08-02 20:50:41 UTC,fisheye,75ef7fe8_fisheye_1785703490.ts,940428e1_fisheye_1785703488.ts,1785703482.886,1785703512.636,1785703476.524,1785703579.574,29.750,1725276,1,0.5
1785703841.359253,2026-08-02 20:50:41 UTC,fisheye,32507c0d_fisheye_1785703741.ts,048c82f4_fisheye_1785703644.ts,1785703730.747,1785703747.947,1785703637.815,1785703770.264,17.200,1053740,1,0.5
1785704145.268489,2026-08-02 20:55:45 UTC,fisheye,5bcfd1c6_fisheye_1785703956.ts,83bcd7ce_fisheye_1785703954.ts,1785703947.757,1785703962.857,1785703947.693,1785703964.893,15.100,1053176,1,0.5
1785704449.096019,2026-08-02 21:00:49 UTC,fisheye,4999c09e_fisheye_1785704068.ts,a31ce019_fisheye_1785703999.ts,1785704059.413,1785704086.513,1785703991.232,1785704155.482,27.100,1696324,1,0.5
1785704449.096019,2026-08-02 21:00:49 UTC,fisheye,6e42014d_fisheye_1785704088.ts,a31ce019_fisheye_1785703999.ts,1785704078.114,1785704098.714,1785703991.232,1785704155.482,20.600,1436320,1,0.5
1785704753.091111,2026-08-02 21:05:53 UTC,fisheye,08e8ac11_fisheye_1785704650.ts,6e6a68de_fisheye_1785704646.ts,1785704643.506,1785704669.906,1785704637.264,1785704684.814,26.400,1623380,1,0.5
1785705056.931332,2026-08-02 21:10:56 UTC,fisheye,c70268df_fisheye_1785704723.ts,2d8849a1_fisheye_1785704709.ts,1785704711.585,1785704739.385,1785704699.273,1785704891.573,27.800,1750844,1,0.5
1785705056.931332,2026-08-02 21:10:56 UTC,fisheye,14187c3c_fisheye_1785704741.ts,2d8849a1_fisheye_1785704709.ts,1785704730.289,1785704757.289,1785704699.273,1785704891.573,27.000,1599316,1,0.5
1785705056.931332,2026-08-02 21:10:56 UTC,fisheye,1c0f1bb7_fisheye_1785704767.ts,2d8849a1_fisheye_1785704709.ts,1785704761.241,1785704778.091,1785704699.273,1785704891.573,16.850,1259036,1,0.5
1785705360.907699,2026-08-02 21:16:00 UTC,fisheye,7f44819c_fisheye_1785705238.ts,383019f4_fisheye_1785705240.ts,1785705232.504,1785705264.854,1785705232.446,1785705266.896,32.350,2033032,1,0.5
1785705969.139532,2026-08-02 21:26:09 UTC,fisheye,757e659f_fisheye_1785705749.ts,7c88835f_fisheye_1785705544.ts,1785705740.955,1785705755.505,1785705536.244,1785705767.693,14.550,980420,1,0.5
1785705969.139532,2026-08-02 21:26:09 UTC,fisheye,53d28aee_fisheye_1785705792.ts,37c97a22_fisheye_1785705794.ts,1785705784.245,1785705895.495,1785705784.243,1785705895.492,111.250,7019168,1,0.5
1785706273.347456,2026-08-02 21:31:13 UTC,fisheye,4457a7e4_fisheye_1785705932.ts,77425988_fisheye_1785705913.ts,1785705920.704,1785705940.154,1785705902.011,1785705944.211,19.450,1226888,1,0.5
1785706273.347456,2026-08-02 21:31:13 UTC,fisheye,7abf06df_fisheye_1785705982.ts,305cda8a_fisheye_1785705986.ts,1785705976.473,1785705990.823,1785705976.370,1785706007.070,14.350,891308,1,0.5
1785706273.347456,2026-08-02 21:31:13 UTC,fisheye,1fbd9e79_fisheye_1785706126.ts,f322ccb8_fisheye_1785706124.ts,1785706118.991,1785706132.841,1785706112.813,1785706140.363,13.850,888488,1,0.5
1785706578.259249,2026-08-02 21:36:18 UTC,fisheye,3a659c45_fisheye_1785706335.ts,c1b64788_fisheye_1785706307.ts,1785706323.629,1785706341.729,1785706298.930,1785706441.080,18.100,1360556,1,0.5
1785706578.259249,2026-08-02 21:36:18 UTC,fisheye,2d80802a_fisheye_1785706392.ts,c1b64788_fisheye_1785706307.ts,1785706385.633,1785706409.383,1785706298.930,1785706441.080,23.750,1601760,1,0.5
1785706882.682280,2026-08-02 21:41:22 UTC,fisheye,0390b39e_fisheye_1785706536.ts,48c44cf6_fisheye_1785706538.ts,1785706528.253,1785706554.603,1785706528.238,1785706554.388,26.350,1639736,1,0.5
1785706882.682280,2026-08-02 21:41:22 UTC,fisheye,b8d7d2bd_fisheye_1785706639.ts,3dda4f7c_fisheye_1785706603.ts,1785706633.682,1785706645.932,1785706596.446,1785706690.496,12.250,742412,1,0.5
1785706882.682280,2026-08-02 21:41:22 UTC,fisheye,ac0de91e_fisheye_1785706731.ts,ceb944e2_fisheye_1785706728.ts,1785706720.492,1785706747.142,1785706720.391,1785706747.540,26.650,1942792,1,0.5
1785706882.682280,2026-08-02 21:41:22 UTC,fisheye,39695066_fisheye_1785706751.ts,719b5b44_fisheye_1785706753.ts,1785706745.276,1785706757.426,1785706745.245,1785706767.595,12.150,998656,1,0.5
1785707187.285765,2026-08-02 21:46:27 UTC,fisheye,8580c87e_fisheye_1785706765.ts,e551caa4_fisheye_1785706767.ts,1785706757.636,1785706887.286,1785706757.560,1785706893.359,129.650,9279680,1,0.5
1785707187.285765,2026-08-02 21:46:27 UTC,fisheye,4b31a462_fisheye_1785706972.ts,a3bd268a_fisheye_1785706964.ts,1785706962.274,1785707037.324,1785706956.052,1785707061.652,75.050,4786480,1,0.5
1785707187.285765,2026-08-02 21:46:27 UTC,fisheye,8e15fedd_fisheye_1785707043.ts,a3bd268a_fisheye_1785706964.ts,1785707036.653,1785707059.403,1785706956.052,1785707061.652,22.750,1632216,1,0.5
1785707491.925376,2026-08-02 21:51:31 UTC,fisheye,a2e5bde1_fisheye_1785707098.ts,27dcd629_fisheye_1785707092.ts,1785707086.310,1785707106.260,1785707086.207,1785707171.156,19.950,1283664,1,0.5
1785707491.925376,2026-08-02 21:51:31 UTC,fisheye,e98021a8_fisheye_1785707130.ts,27dcd629_fisheye_1785707092.ts,1785707123.394,1785707150.494,1785707086.207,1785707171.156,27.100,1888272,1,0.5
1785707491.925376,2026-08-02 21:51:31 UTC,fisheye,1d18baa5_fisheye_1785707331.ts,257c58c3_fisheye_1785707317.ts,1785707321.792,1785707350.342,1785707309.518,1785707422.517,28.550,1764380,1,0.5
1785708100.908588,2026-08-02 22:01:40 UTC,fisheye,a0dad8bc_fisheye_1785707832.ts,62aa04a0_fisheye_1785707826.ts,1785707824.015,1785707838.265,1785707817.932,1785707913.331,14.250,1058064,1,0.5
1785708100.908588,2026-08-02 22:01:40 UTC,fisheye,923d0739_fisheye_1785707850.ts,62aa04a0_fisheye_1785707826.ts,1785707842.682,1785707856.532,1785707817.932,1785707913.331,13.850,955040,1,0.5
1785708100.908588,2026-08-02 22:01:40 UTC,fisheye,c77e21c3_fisheye_1785707915.ts,64e3a04b_fisheye_1785707864.ts,1785707904.609,1785707921.459,1785707854.934,1785707951.934,16.850,1062764,1,0.5
1785708100.908588,2026-08-02 22:01:40 UTC,fisheye,f58758c3_fisheye_1785707921.ts,64e3a04b_fisheye_1785707864.ts,1785707910.772,1785707937.772,1785707854.934,1785707951.934,27.000,1853492,1,0.5
1785708405.432068,2026-08-02 22:06:45 UTC,fisheye,2159f74b_fisheye_1785708254.ts,0fed0544_fisheye_1785708237.ts,1785708245.662,1785708273.712,1785708227.002,1785708343.352,28.050,2049952,1,0.5
1785709319.508624,2026-08-02 22:21:59 UTC,fisheye,aabd8a2f_fisheye_1785708945.ts,01852f71_fisheye_1785708945.ts,1785708939.994,1785708961.293,1785708939.994,1785708961.293,21.300,1657596,1,0.5
1785709319.508624,2026-08-02 22:21:59 UTC,fisheye,5e15aa4a_fisheye_1785709172.ts,532e54f8_fisheye_1785709162.ts,1785709163.147,1785709195.146,1785709156.945,1785709195.144,32.000,2425388,1,0.5
1785709624.303813,2026-08-02 22:27:04 UTC,fisheye,79e2509e_fisheye_1785709312.ts,c5925065_fisheye_1785709300.ts,1785709305.880,1785709320.930,1785709293.433,1785709481.082,15.050,1183460,1,0.5
1785709624.303813,2026-08-02 22:27:04 UTC,fisheye,e7f40357_fisheye_1785709363.ts,c5925065_fisheye_1785709300.ts,1785709355.409,1785709379.858,1785709293.433,1785709481.082,24.450,1866088,1,0.5
1785709624.303813,2026-08-02 22:27:04 UTC,fisheye,a50001f3_fisheye_1785709450.ts,c5925065_fisheye_1785709300.ts,1785709442.224,1785709458.774,1785709293.433,1785709481.082,16.550,1230084,1,0.5
1785710234.128847,2026-08-02 22:37:14 UTC,fisheye,174de935_fisheye_1785709927.ts,e3fbef06_fisheye_1785709931.ts,1785709919.642,1785709935.292,1785709919.592,1785709943.442,15.650,1072728,1,0.5
1785710234.128847,2026-08-02 22:37:14 UTC,fisheye,8e7cb899_fisheye_1785709992.ts,84c5eb13_fisheye_1785709988.ts,1785709981.684,1785710010.334,1785709981.632,1785710034.682,28.650,2026264,1,0.5
1785710539.303741,2026-08-02 22:42:19 UTC,fisheye,459026df_fisheye_1785710403.ts,e64cab16_fisheye_1785710393.ts,1785710397.145,1785710409.745,1785710384.649,1785710409.499,12.600,974780,1,0.5
1785710844.730271,2026-08-02 22:47:24 UTC,fisheye,e7890391_fisheye_1785710730.ts,9ad2a51a_fisheye_1785710671.ts,1785710719.449,1785710736.249,1785710663.567,1785710748.417,16.800,1149620,1,0.5
1785711149.789375,2026-08-02 22:52:29 UTC,fisheye,9b50332c_fisheye_1785710967.ts,2ce228df_fisheye_1785710963.ts,1785710961.230,1785710981.680,1785710955.003,1785710982.653,20.450,1722832,1,0.5
1785711455.103919,2026-08-02 22:57:35 UTC,fisheye,ebec3753_fisheye_1785711297.ts,e8bd5a67_fisheye_1785711283.ts,1785711289.839,1785711314.189,1785711277.493,1785711348.643,24.350,1735052,1,0.5
1785711760.393753,2026-08-02 23:02:40 UTC,fisheye,24b3328b_fisheye_1785711450.ts,efe2e202_fisheye_1785711413.ts,1785711438.587,1785711456.187,1785711407.664,1785711514.964,17.600,1161464,1,0.5
1785711760.393753,2026-08-02 23:02:40 UTC,fisheye,5af25759_fisheye_1785711514.ts,277dcd60_fisheye_1785711508.ts,1785711506.775,1785711521.025,1785711500.700,1785711525.200,14.250,1064268,1,0.5
1785711760.393753,2026-08-02 23:02:40 UTC,fisheye,e1903f17_fisheye_1785711573.ts,65ddce4d_fisheye_1785711553.ts,1785711562.605,1785711591.055,1785711543.971,1785711592.021,28.450,2621472,1,0.5
1785712065.932338,2026-08-02 23:07:45 UTC,fisheye,ab9237b9_fisheye_1785711756.ts,922381ed_fisheye_1785711736.ts,1785711748.493,1785711772.643,1785711729.968,1785711873.968,24.150,1946740,1,0.5
1785712065.932338,2026-08-02 23:07:45 UTC,fisheye,4eeb092c_fisheye_1785711790.ts,922381ed_fisheye_1785711736.ts,1785711779.548,1785711798.948,1785711729.968,1785711873.968,19.400,1578824,1,0.5
1785712065.932338,2026-08-02 23:07:45 UTC,fisheye,f59015c3_fisheye_1785711800.ts,922381ed_fisheye_1785711736.ts,1785711792.044,1785711818.594,1785711729.968,1785711873.968,26.550,1959712,1,0.5
1785712371.195036,2026-08-02 23:12:51 UTC,fisheye,aff315d2_fisheye_1785711932.ts,d25caadf_fisheye_1785711930.ts,1785711922.273,1785712074.823,1785711922.272,1785712074.822,152.550,10823536,1,0.5
1785712676.654608,2026-08-02 23:17:56 UTC,fisheye,08871ba2_fisheye_1785712305.ts,162efda4_fisheye_1785712301.ts,1785712294.234,1785712457.983,1785712294.232,1785712457.982,163.750,11629868,1,0.5
1785712676.654608,2026-08-02 23:17:56 UTC,fisheye,52b923ae_fisheye_1785712537.ts,8035e2a0_fisheye_1785712533.ts,1785712529.828,1785712555.378,1785712523.628,1785712555.378,25.550,2055780,1,0.5
1785712981.946780,2026-08-02 23:23:01 UTC,fisheye,1cbaf70f_fisheye_1785712741.ts,1123cd4f_fisheye_1785712737.ts,1785712734.487,1785712745.987,1785712728.175,1785712753.925,11.500,883036,1,0.5
1785712981.946780,2026-08-02 23:23:01 UTC,fisheye,3f64bf36_fisheye_1785712806.ts,4a290069_fisheye_1785712808.ts,1785712796.442,1785712822.492,1785712796.410,1785712825.560,26.050,1850484,1,0.5
1785713287.539301,2026-08-02 23:28:07 UTC,fisheye,9de8a028_fisheye_1785712869.ts,5f6969b4_fisheye_1785712857.ts,1785712858.547,1785712886.747,1785712846.006,1785713040.055,28.200,1820592,1,0.5
1785713287.539301,2026-08-02 23:28:07 UTC,fisheye,6ebbae48_fisheye_1785712889.ts,5f6969b4_fisheye_1785712857.ts,1785712883.193,1785712898.093,1785712846.006,1785713040.055,14.900,1160712,1,0.5
1785713287.539301,2026-08-02 23:28:07 UTC,fisheye,85740166_fisheye_1785712922.ts,5f6969b4_fisheye_1785712857.ts,1785712914.332,1785712989.382,1785712846.006,1785713040.055,75.050,5872556,1,0.5
1785713287.539301,2026-08-02 23:28:07 UTC,fisheye,b88f01e3_fisheye_1785712989.ts,5f6969b4_fisheye_1785712857.ts,1785712982.425,1785713029.924,1785712846.006,1785713040.055,47.500,3086584,1,0.5
1785714204.766037,2026-08-02 23:43:24 UTC,fisheye,86b653c6_fisheye_1785714037.ts,61a5e2ff_fisheye_1785714011.ts,1785714030.152,1785714060.052,1785714005.490,1785714139.090,29.900,2246976,1,0.5
1785714204.766037,2026-08-02 23:43:24 UTC,fisheye,e31b5771_fisheye_1785714070.ts,61a5e2ff_fisheye_1785714011.ts,1785714061.161,1785714086.211,1785714005.490,1785714139.090,25.050,2023632,1,0.5
1785714510.724368,2026-08-02 23:48:30 UTC,fisheye,02a500a5_fisheye_1785714246.ts,5f5ace78_fisheye_1785714203.ts,1785714234.784,1785714266.434,1785714191.439,1785714333.789,31.650,2253180,1,0.5
1785715123.010158,2026-08-02 23:58:43 UTC,fisheye,97b1523d_fisheye_1785714716.ts,b60554ec_fisheye_1785714712.ts,1785714706.010,1785714743.210,1785714705.912,1785714885.212,37.200,2778264,1,0.5
1785715123.010158,2026-08-02 23:58:43 UTC,fisheye,7cb40a78_fisheye_1785714783.ts,b60554ec_fisheye_1785714712.ts,1785714774.297,1785714803.397,1785714705.912,1785714885.212,29.100,2144516,1,0.5
1785715123.010158,2026-08-02 23:58:43 UTC,fisheye,9d813208_fisheye_1785714824.ts,b60554ec_fisheye_1785714712.ts,1785714817.600,1785714846.650,1785714705.912,1785714885.212,29.050,2003704,1,0.5
1785715736.437234,2026-08-03 00:08:56 UTC,fisheye,476bb53e_fisheye_1785715527.ts,b920e8df_fisheye_1785715529.ts,1785715518.111,1785715532.011,1785715518.087,1785715546.187,13.900,1096792,1,0.5
1785715736.437234,2026-08-03 00:08:56 UTC,fisheye,3fad831c_fisheye_1785715558.ts,f072f559_fisheye_1785715560.ts,1785715549.242,1785715570.492,1785715549.166,1785715572.516,21.250,1538968,1,0.5
1785716349.271339,2026-08-03 00:19:09 UTC,fisheye,3bb94474_fisheye_1785716032.ts,baddec56_fisheye_1785716032.ts,1785716020.454,1785716040.254,1785716020.453,1785716040.253,19.800,1377476,1,0.5
1785716349.271339,2026-08-03 00:19:09 UTC,fisheye,6f906fdd_fisheye_1785716082.ts,e724d65f_fisheye_1785716070.ts,1785716069.957,1785716147.556,1785716063.887,1785716216.337,77.600,4984444,1,0.5
1785716349.271339,2026-08-03 00:19:09 UTC,fisheye,4e135cd8_fisheye_1785716169.ts,e724d65f_fisheye_1785716070.ts,1785716163.000,1785716188.200,1785716063.887,1785716216.337,25.200,1712304,1,0.5
1785716349.271339,2026-08-03 00:19:09 UTC,fisheye,2bdf91ea_fisheye_1785716228.ts,62ffce12_fisheye_1785716228.ts,1785716218.787,1785716266.987,1785716218.786,1785716266.986,48.200,3509772,1,0.5
1785716655.716111,2026-08-03 00:24:15 UTC,fisheye,5e5674cf_fisheye_1785716285.ts,9fa19d16_fisheye_1785716285.ts,1785716274.620,1785716313.570,1785716274.612,1785716368.261,38.950,3065340,1,0.5
1785716655.716111,2026-08-03 00:24:15 UTC,fisheye,e8fee6b7_fisheye_1785716325.ts,9fa19d16_fisheye_1785716285.ts,1785716317.975,1785716344.425,1785716274.612,1785716368.261,26.450,1977948,1,0.5
1785716655.716111,2026-08-03 00:24:15 UTC,fisheye,d30beb45_fisheye_1785716485.ts,2cf37757_fisheye_1785716483.ts,1785716479.179,1785716495.779,1785716472.979,1785716495.779,16.600,1065960,1,0.5
1785716962.124673,2026-08-03 00:29:22 UTC,fisheye,4316dc04_fisheye_1785716558.ts,cf606d9a_fisheye_1785716540.ts,1785716547.380,1785716564.680,1785716528.697,1785716613.297,17.300,1225384,1,0.5
1785717268.506433,2026-08-03 00:34:28 UTC,fisheye,b268e8f0_fisheye_1785717066.ts,0566e2c6_fisheye_1785716975.ts,1785717055.887,1785717101.386,1785716968.997,1785717115.547,45.500,3063836,1,0.5
1785717575.350817,2026-08-03 00:39:35 UTC,fisheye,d4f8c9df_fisheye_1785717348.ts,d098364f_fisheye_1785717310.ts,1785717341.009,1785717445.859,1785717297.657,1785717445.856,104.850,6950924,1,0.5
1785717881.713498,2026-08-03 00:44:41 UTC,fisheye,1dc1ac4e_fisheye_1785717563.ts,01cf5aac_fisheye_1785717468.ts,1785717551.773,1785717571.523,1785717458.842,1785717599.891,19.750,1369768,1,0.5
1785718188.632237,2026-08-03 00:49:48 UTC,fisheye,d9a679df_fisheye_1785717867.ts,2491b8c6_fisheye_1785717867.ts,1785717855.697,1785717875.747,1785717855.646,1785717886.196,20.050,1403044,1,0.5
1785719108.159345,2026-08-03 01:05:08 UTC,fisheye,d18823dc_fisheye_1785718769.ts,0cb31ea0_fisheye_1785718757.ts,1785718760.689,1785718800.039,1785718748.413,1785718876.963,39.350,2481036,1,0.5
1785719108.159345,2026-08-03 01:05:08 UTC,fisheye,7e4efe25_fisheye_1785718812.ts,0cb31ea0_fisheye_1785718757.ts,1785718804.221,1785718818.271,1785718748.413,1785718876.963,14.050,1114652,1,0.5
1785719414.876475,2026-08-03 01:10:14 UTC,fisheye,80a66367_fisheye_1785719219.ts,f677aaf7_fisheye_1785719199.ts,1785719213.334,1785719235.284,1785719188.639,1785719250.039,21.950,1504940,1,0.5
1785720028.640454,2026-08-03 01:20:28 UTC,fisheye,fdc5331c_fisheye_1785719775.ts,9b369b08_fisheye_1785719773.ts,1785719765.315,1785719787.415,1785719765.233,1785719834.133,22.100,1177632,1,0.5
1785720335.536811,2026-08-03 01:25:35 UTC,fisheye,365eead3_fisheye_1785720036.ts,32988e33_fisheye_1785720036.ts,1785720025.622,1785720124.072,1785720025.602,1785720130.151,98.450,4841000,1,0.5
1785720949.849160,2026-08-03 01:35:49 UTC,fisheye,4b8e7e8a_fisheye_1785720547.ts,b49a405c_fisheye_1785720399.ts,1785720540.294,1785720563.444,1785720391.390,1785720653.089,23.150,1078932,1,0.5
1785720949.849160,2026-08-03 01:35:49 UTC,fisheye,13a2688e_fisheye_1785720642.ts,b49a405c_fisheye_1785720399.ts,1785720633.194,1785720653.094,1785720391.390,1785720653.089,19.900,1007868,1,0.5
1785720949.849160,2026-08-03 01:35:49 UTC,fisheye,c1eedaea_fisheye_1785720655.ts,701f5c7f_fisheye_1785720655.ts,1785720645.780,1785720672.480,1785720645.748,1785720672.448,26.700,1309796,1,0.5
1785720949.849160,2026-08-03 01:35:49 UTC,fisheye,7733b2b1_fisheye_1785720833.ts,ea213dd3_fisheye_1785720837.ts,1785720825.470,1785720849.020,1785720825.371,1785720856.621,23.550,1075736,1,0.5
1785724636.362792,2026-08-03 02:37:16 UTC,fisheye,e9fa9d37_fisheye_1785724432.ts,82935b85_fisheye_1785724432.ts,1785724421.422,1785724448.172,1785724421.371,1785724448.821,26.750,1134392,1,0.5
1785724943.987102,2026-08-03 02:42:23 UTC,fisheye,d35a755e_fisheye_1785724750.ts,e4927ba4_fisheye_1785724754.ts,1785724743.852,1785724756.802,1785724743.716,1785724770.765,12.950,584680,1,0.5
1785726173.724875,2026-08-03 03:02:53 UTC,fisheye,61f41fe6_fisheye_1785725770.ts,f183609c_fisheye_1785725732.ts,1785725760.423,1785725790.972,1785725723.358,1785725827.507,30.550,1299268,1,0.5
1785726173.724875,2026-08-03 03:02:53 UTC,fisheye,315dec1b_fisheye_1785725835.ts,730f4887_fisheye_1785725831.ts,1785725828.782,1785725841.732,1785725822.644,1785725847.244,12.950,594080,1,0.5
1785726788.866699,2026-08-03 03:13:08 UTC,fisheye,a0c7376d_fisheye_1785726598.ts,70deaf17_fisheye_1785726604.ts,1785726591.470,1785726614.170,1785726591.443,1785726622.242,22.700,830208,1,0.5
1785726788.866699,2026-08-03 03:13:08 UTC,fisheye,e139ab0b_fisheye_1785726642.ts,49112827_fisheye_1785726640.ts,1785726634.771,1785726661.020,1785726634.769,1785726661.018,26.250,998468,1,0.5
1785727404.887986,2026-08-03 03:23:24 UTC,fisheye,a8d611ff_fisheye_1785727064.ts,bac15927_fisheye_1785727066.ts,1785727056.494,1785727080.794,1785727056.410,1785727082.510,24.300,844684,1,0.5
1785727712.386338,2026-08-03 03:28:32 UTC,fisheye,792278c6_fisheye_1785727626.ts,a7d50714_fisheye_1785727624.ts,1785727620.679,1785727642.229,1785727614.381,1785727643.481,21.550,699360,1,0.5
1785728327.487252,2026-08-03 03:38:47 UTC,fisheye,1cf716bc_fisheye_1785727976.ts,961b2266_fisheye_1785727978.ts,1785727967.851,1785727993.151,1785727967.822,1785727998.771,25.300,631680,1,0.5
